"task","rt","response","trial_type","trial_index","plugin_version","time_elapsed","participant_id","condition","stimulus","view_history","question_order","attention_question_passed","attention_effort_passed","pdf_file","success","timeout","failed_images","failed_audio","failed_video","item","phase"
"sona_id_collection","58296","{""sona_id"":""11/23/2025 ; 2:30 pm""}","survey-text","0","2.1.0","58302","529230","no_self_explanation","","","","","","","","","","","","",""
"consent","5880","0","html-button-response","1","2.1.0","64184","529230","no_self_explanation","[""<div class=\""consent-box\"">\n                <h2>Informed Consent Form</h2>\n                <p><strong>Title of Research Study:</strong> Critical Thinking Skills Learning Study</p>\n                <p><strong>Purpose:</strong>You are being invited to participate in a research study titled “Reproducibility of Psychological Science and Instruction.” This study is being done by Dr. Bria Long from UC San Diego and associated graduate students in Experimental Methods course. You were selected to participate in this study because you are an adult in the U.S. and have been a represented population in previous psychology studies.</p>\n                <p><strong>Risks and Benefits:</strong> The purpose of this study is to better understand how well previously published studies in the psychological field replicate online and with different populations. Your participation in this research should last approximately 5-30 minutes  If you agree to take part in this study, you may be asked to view a set of stimuli, including pictures, sounds, written text, or videos and then giving some responses via key-presses, verbally, or with paper-and-pencil. We may also observe your choices or preferences among an array of stimuli.  These stimuli will be taken directly from or closely adapted from studies that already exist in the published psychological literature. Stimuli will include, e.g., pictures of objects and human faces, audio and video clips, short text passages, etc. None of the stimuli will be disturbing, threatening, or offensive. The online and in-person experiments described in this protocol will take no more than 30 minutes. An example game you might play would be to click on an image on the screen that matches a word you hear being said out loud. Your total expected time commitment for this study is between 5-30 minutes, and is specified in the study description.</p>\n                <p><strong>Confidentiality:</strong> Your responses will be kept confidential and anonymous. Data will be stored securely and used only for research purposes.</p>\n                <p><strong>Voluntary Participation:</strong> We will not be asking for any personally identifying information, and we will handle responses as confidentially as possible. Your SONA IDs will never be tied to your responses on this survey. However, we cannot guarantee the confidentiality of information transmitted over the Internet. To minimize this risk, data containing anything that might be personally identifiable (e.g. SONA IDs or IP addresses) will be encrypted on transfer and storage and will only be accessible to qualified lab personnel. We will be keeping data collected as part of this experiment indefinitely. This anonymized data (containing neither Prolific IDs nor IP addresses) may be shared with the scientific community or with other participants to be used as stimuli in future studies.</p>\n                <p><strong>Contact Information:</strong> If you have questions about this project or if you have a research-related problem, you may contact the researcher(s),  Dr. Bria Long, brlong@ucsd.edu. If you have any questions concerning your rights as a research subject, you may contact the UC San Diego Office of IRB Administration at irb@ucsd.edu or 858-246-4777.</p>\n                <p><strong>By clicking \""I Agree\"" below, you indicate that:</strong></p>\n                <ul>\n                    <li>You have read and understood the information above</li>\n                    <li>You voluntarily agree to participate</li>\n                    <li>You are at least 18 years old</li>\n                </ul>\n            </div>""]","","","","","","","","","","","",""
"pretest_instructions","5297","","instructions","2","2.1.0","69483","529230","no_self_explanation","","[{""page_index"":0,""viewing_time"":5297}]","","","","","","","","","","",""
"pretest","551383","{""Q0"":""Some rocks can be eaten"",""Q1"":""Very little effort"",""Q2"":""X and 7"",""Q3"":""Little effort"",""Q4"":""They would definitely be better off buying the BMW"",""Q5"":""Very little effort"",""Q6"":""All roses are living things"",""Q7"":""Very little effort"",""Q8"":""Karin works at a bank and is active in the environmental movement and for a local political party"",""Q9"":""Not a little nor a lot of effort"",""Q10"":""Less than 3%"",""Q11"":""Very little effort"",""Q12"":""18 and beer"",""Q13"":""Quite a lot of effort"",""Q14"":""The students score at least 1.0 points higher on the exam"",""Q15"":""Little effort"",""attention_check_pretest_question"":""X and 2"",""attention_check_pretest_effort"":""Quite a lot of effort""}","survey-multi-choice","3","2.1.0","620865","529230","no_self_explanation","","","[0,1,2,3,4,5,6,7,8,9,10,11,12,13,14,15,16,17]","true","true","","","","","","","",""
"practice_instructions","6059","","instructions","4","2.1.0","626926","529230","no_self_explanation","","[{""page_index"":0,""viewing_time"":1992},{""page_index"":1,""viewing_time"":4067}]","","","","","","","","","","",""
"preload_pdf","","","preload","5","2.0.0","626927","529230","no_self_explanation","","","","","","2.pdf","true","false","[]","[]","[]","",""
"enter_fullscreen","3898","","fullscreen","6","2.1.0","631828","529230","no_self_explanation","","","","","","","true","","","","","",""
"pdf_display","272669"," ","html-keyboard-response","7","2.0.0","904500","529230","no_self_explanation","
        <div id=""pdf-display-container"" style=""text-align: center;"">
            <h3>Educational Materials</h3>
            
            <div class=""pdf-controls"">
                <button onclick=""zoomPDF('pdf-display', -25)"">Zoom Out (-)</button>
                <button onclick=""zoomPDF('pdf-display', 25)"">Zoom In (+)</button>
                <button onclick=""resetZoomPDF('pdf-display')"">Reset Zoom</button>
                <span class=""zoom-level"" id=""zoom-pdf-display"">100%</span>
            </div>
            <div class=""pdf-wrapper"" id=""wrapper-pdf-display"">
                <iframe id=""pdf-display"" src=""2.pdf"" class=""pdf-container""></iframe>
            </div>
            <p style=""margin-top: 10px; font-size: 12px; color: #666;"">
                Use zoom controls above or browser zoom (Ctrl/Cmd + Mouse Wheel). Press spacebar when you have finished reading and are ready to continue.
            </p>
        </div>
    
      <p id=""timer-message"" style=""font-size:16px; color:#c00; margin-top:20px;"">
        Please read for <span id=""countdown""></span> seconds before continuing.
      </p>
  ","","","","","2.pdf","","","","","","",""
"exit_fullscreen","null","","fullscreen","8","2.1.0","904503","529230","no_self_explanation","","","","","","","true","","","","","",""
"posttest_instructions","12368","","instructions","9","2.1.0","916871","529230","no_self_explanation","","[{""page_index"":0,""viewing_time"":3152},{""page_index"":1,""viewing_time"":9216}]","","","","","","","","","","",""
"","44999","{""q5_mc"":""Jacques is a caretaker, is a member of the Dutch Tai Chi Association and organizes the annual Night of Poetry""}","survey-multi-choice","10","2.1.0","961872","529230","no_self_explanation","","","[0]","","","","","","","","","q5","mc"
"","31111","{""q5_text"":""tied each one of his interests and personality pieces to something that would correlate to it""}","survey-text","11","2.1.0","992988","529230","no_self_explanation","","","","","","","","","","","","q5","text"
"","4915","{""q5_effort"":""Not a little nor a lot of effort""}","survey-multi-choice","12","2.1.0","997905","529230","no_self_explanation","","","[0]","","","","","","","","","q5","effort"
"","27764","{""q4_mc"":""Hearts and 2""}","survey-multi-choice","13","2.1.0","1025670","529230","no_self_explanation","","","[0]","","","","","","","","","q4","mc"
"","32498","{""q4_text"":""if a heart or 2 is seen the other should be on the other side, they would only need to see those blocks""}","survey-text","14","2.1.0","1058170","529230","no_self_explanation","","","","","","","","","","","","q4","text"
"","2566","{""q4_effort"":""Very little effort""}","survey-multi-choice","15","2.1.0","1060737","529230","no_self_explanation","","","[0]","","","","","","","","","q4","effort"
"","18298","{""q3_mc"":""Some music events are big events.""}","survey-multi-choice","16","2.1.0","1079037","529230","no_self_explanation","","","[0]","","","","","","","","","q3","mc"
"","44113","{""q3_text"":""music event needed a parking permit, some major events need parking permits. parking permits = big""}","survey-text","17","2.1.0","1123153","529230","no_self_explanation","","","","","","","","","","","","q3","text"
"","2515","{""q3_effort"":""Little effort""}","survey-multi-choice","18","2.1.0","1125670","529230","no_self_explanation","","","[0]","","","","","","","","","q3","effort"
"","14665","{""q1_mc"":""Some chickens are not birds.""}","survey-multi-choice","19","2.1.0","1140336","529230","no_self_explanation","","","[0]","","","","","","","","","q1","mc"
"","45497","{""q1_text"":""if all birds can fly and some chickens can not, based on statement some chickens are not birds""}","survey-text","20","2.1.0","1185835","529230","no_self_explanation","","","","","","","","","","","","q1","text"
"","3315","{""q1_effort"":""Not a little nor a lot of effort""}","survey-multi-choice","21","2.1.0","1189152","529230","no_self_explanation","","","[0]","","","","","","","","","q1","effort"
"","30865","{""q8_mc"":""Within 5 years, the number of visitors will increase by 5%""}","survey-multi-choice","22","2.1.0","1220018","529230","no_self_explanation","","","[0]","","","","","","","","","q8","mc"
"","11530","{""q8_text"":""they had a goal they are working to achieve""}","survey-text","23","2.1.0","1231551","529230","no_self_explanation","","","","","","","","","","","","q8","text"
"","2398","{""q8_effort"":""Little effort""}","survey-multi-choice","24","2.1.0","1233951","529230","no_self_explanation","","","[0]","","","","","","","","","q8","effort"
"","61314","{""q6_mc"":""Less than 10%""}","survey-multi-choice","25","2.1.0","1295267","529230","no_self_explanation","","","[0]","","","","","","","","","q6","mc"
"","20764","{""q6_text"":""50/1000 is 5% meaning it would be less than 10""}","survey-text","26","2.1.0","1316033","529230","no_self_explanation","","","","","","","","","","","","q6","text"
"","5082","{""q6_effort"":""Not a little nor a lot of effort""}","survey-multi-choice","27","2.1.0","1321117","529230","no_self_explanation","","","[0]","","","","","","","","","q6","effort"
"","102065","{""q2_mc"":""Perhaps give preference to graduates of Avans University of Applied Sciences.""}","survey-multi-choice","28","2.1.0","1423248","529230","no_self_explanation","","","[0]","","","","","","","","","q2","mc"
"","19364","{""q2_text"":""wording was confusing, but focused on last section""}","survey-text","29","2.1.0","1442614","529230","no_self_explanation","","","","","","","","","","","","q2","text"
"","4082","{""q2_effort"":""Quite a lot of effort""}","survey-multi-choice","30","2.1.0","1446698","529230","no_self_explanation","","","[0]","","","","","","","","","q2","effort"
"","41248","{""q7_mc"":""Madrid and Ryanair""}","survey-multi-choice","31","2.1.0","1487948","529230","no_self_explanation","","","[0]","","","","","","","","","q7","mc"
"","12630","{""q7_text"":""flipping them to see if they are respecting the rules""}","survey-text","32","2.1.0","1500581","529230","no_self_explanation","","","","","","","","","","","","q7","text"
"","1848","{""q7_effort"":""Little effort""}","survey-multi-choice","33","2.1.0","1502431","529230","no_self_explanation","","","[0]","","","","","","","","","q7","effort"
