"task","rt","response","trial_type","trial_index","plugin_version","time_elapsed","participant_id","condition","stimulus","view_history","question_order","attention_question_passed","attention_effort_passed","pdf_file","success","timeout","failed_images","failed_audio","failed_video","item","phase"
"sona_id_collection","48414","{""sona_id"":""11/23/2025 ; 3:00 PM""}","survey-text","0","2.1.0","48436","339773","no_self_explanation","","","","","","","","","","","","",""
"consent","5019","0","html-button-response","1","2.1.0","53459","339773","no_self_explanation","[""<div class=\""consent-box\"">\n                <h2>Informed Consent Form</h2>\n                <p><strong>Title of Research Study:</strong> Critical Thinking Skills Learning Study</p>\n                <p><strong>Purpose:</strong>You are being invited to participate in a research study titled “Reproducibility of Psychological Science and Instruction.” This study is being done by Dr. Bria Long from UC San Diego and associated graduate students in Experimental Methods course. You were selected to participate in this study because you are an adult in the U.S. and have been a represented population in previous psychology studies.</p>\n                <p><strong>Risks and Benefits:</strong> The purpose of this study is to better understand how well previously published studies in the psychological field replicate online and with different populations. Your participation in this research should last approximately 5-30 minutes  If you agree to take part in this study, you may be asked to view a set of stimuli, including pictures, sounds, written text, or videos and then giving some responses via key-presses, verbally, or with paper-and-pencil. We may also observe your choices or preferences among an array of stimuli.  These stimuli will be taken directly from or closely adapted from studies that already exist in the published psychological literature. Stimuli will include, e.g., pictures of objects and human faces, audio and video clips, short text passages, etc. None of the stimuli will be disturbing, threatening, or offensive. The online and in-person experiments described in this protocol will take no more than 30 minutes. An example game you might play would be to click on an image on the screen that matches a word you hear being said out loud. Your total expected time commitment for this study is between 5-30 minutes, and is specified in the study description.</p>\n                <p><strong>Confidentiality:</strong> Your responses will be kept confidential and anonymous. Data will be stored securely and used only for research purposes.</p>\n                <p><strong>Voluntary Participation:</strong> We will not be asking for any personally identifying information, and we will handle responses as confidentially as possible. Your SONA IDs will never be tied to your responses on this survey. However, we cannot guarantee the confidentiality of information transmitted over the Internet. To minimize this risk, data containing anything that might be personally identifiable (e.g. SONA IDs or IP addresses) will be encrypted on transfer and storage and will only be accessible to qualified lab personnel. We will be keeping data collected as part of this experiment indefinitely. This anonymized data (containing neither Prolific IDs nor IP addresses) may be shared with the scientific community or with other participants to be used as stimuli in future studies.</p>\n                <p><strong>Contact Information:</strong> If you have questions about this project or if you have a research-related problem, you may contact the researcher(s),  Dr. Bria Long, brlong@ucsd.edu. If you have any questions concerning your rights as a research subject, you may contact the UC San Diego Office of IRB Administration at irb@ucsd.edu or 858-246-4777.</p>\n                <p><strong>By clicking \""I Agree\"" below, you indicate that:</strong></p>\n                <ul>\n                    <li>You have read and understood the information above</li>\n                    <li>You voluntarily agree to participate</li>\n                    <li>You are at least 18 years old</li>\n                </ul>\n            </div>""]","","","","","","","","","","","",""
"pretest_instructions","2838","","instructions","2","2.1.0","56298","339773","no_self_explanation","","[{""page_index"":0,""viewing_time"":2838}]","","","","","","","","","","",""
"pretest","291875","{""Q0"":""No correct conclusion possible"",""Q1"":""Very little effort"",""Q2"":""X and 7"",""Q3"":""Little effort"",""Q4"":""They would definitely be better off buying the BMW"",""Q5"":""Little effort"",""Q6"":""All roses are living things"",""Q7"":""Very little effort"",""Q8"":""Karin works at a bank and is active in the environmental movement."",""Q9"":""Not a little nor a lot of effort"",""Q10"":""Less than 3%"",""Q11"":""Very little effort"",""Q12"":""15 and cola"",""Q13"":""Little effort"",""Q14"":""The students score at least 0.1 point higher on the exam"",""Q15"":""Little effort"",""attention_check_pretest_question"":""X and 2"",""attention_check_pretest_effort"":""Quite a lot of effort""}","survey-multi-choice","3","2.1.0","348181","339773","no_self_explanation","","","[0,1,2,3,4,5,6,7,8,9,10,11,12,13,14,15,16,17]","true","true","","","","","","","",""
"practice_instructions","10983","","instructions","4","2.1.0","359168","339773","no_self_explanation","","[{""page_index"":0,""viewing_time"":2369},{""page_index"":1,""viewing_time"":8614}]","","","","","","","","","","",""
"preload_pdf","","","preload","5","2.0.0","359172","339773","no_self_explanation","","","","","","2.pdf","true","false","[]","[]","[]","",""
"enter_fullscreen","66450","","fullscreen","6","2.1.0","426641","339773","no_self_explanation","","","","","","","true","","","","","",""
"pdf_display","935060"," ","html-keyboard-response","7","2.0.0","1361712","339773","no_self_explanation","
        <div id=""pdf-display-container"" style=""text-align: center;"">
            <h3>Educational Materials</h3>
            
            <div class=""pdf-controls"">
                <button onclick=""zoomPDF('pdf-display', -25)"">Zoom Out (-)</button>
                <button onclick=""zoomPDF('pdf-display', 25)"">Zoom In (+)</button>
                <button onclick=""resetZoomPDF('pdf-display')"">Reset Zoom</button>
                <span class=""zoom-level"" id=""zoom-pdf-display"">100%</span>
            </div>
            <div class=""pdf-wrapper"" id=""wrapper-pdf-display"">
                <iframe id=""pdf-display"" src=""2.pdf"" class=""pdf-container""></iframe>
            </div>
            <p style=""margin-top: 10px; font-size: 12px; color: #666;"">
                Use zoom controls above or browser zoom (Ctrl/Cmd + Mouse Wheel). Press spacebar when you have finished reading and are ready to continue.
            </p>
        </div>
    
      <p id=""timer-message"" style=""font-size:16px; color:#c00; margin-top:20px;"">
        Please read for <span id=""countdown""></span> seconds before continuing.
      </p>
  ","","","","","2.pdf","","","","","","",""
"exit_fullscreen","null","","fullscreen","8","2.1.0","1361715","339773","no_self_explanation","","","","","","","true","","","","","",""
"posttest_instructions","6130","","instructions","9","2.1.0","1367848","339773","no_self_explanation","","[{""page_index"":0,""viewing_time"":1979},{""page_index"":1,""viewing_time"":4151}]","","","","","","","","","","",""
"","145405","{""q2_mc"":""Perhaps give preference to graduates of Tilburg University.""}","survey-multi-choice","10","2.1.0","1513256","339773","no_self_explanation","","","[0]","","","","","","","","","q2","mc"
"","73986","{""q2_text"":""The Tillburg graduates have more of a longstanding exceptional experience rather than the Avans graduate, but they should consider them at a personal level rather than just based on their university.""}","survey-text","11","2.1.0","1587258","339773","no_self_explanation","","","","","","","","","","","","q2","text"
"","4081","{""q2_effort"":""Little effort""}","survey-multi-choice","12","2.1.0","1591341","339773","no_self_explanation","","","[0]","","","","","","","","","q2","effort"
"","21982","{""q1_mc"":""Some chickens are not birds.""}","survey-multi-choice","13","2.1.0","1613325","339773","no_self_explanation","","","[0]","","","","","","","","","q1","mc"
"","44114","{""q1_text"":""If all birds can fly, but some chickens can't fly, then some chickens aren't considered to be birds. envisioned a diagram""}","survey-text","14","2.1.0","1657444","339773","no_self_explanation","","","","","","","","","","","","q1","text"
"","2981","{""q1_effort"":""Little effort""}","survey-multi-choice","15","2.1.0","1660428","339773","no_self_explanation","","","[0]","","","","","","","","","q1","effort"
"","50233","{""q5_mc"":""Jacques is a concierge and organizes the annual Poetry Night""}","survey-multi-choice","16","2.1.0","1710665","339773","no_self_explanation","","","[0]","","","","","","","","","q5","mc"
"","48102","{""q5_text"":""It was difficult deciding, but I feel like janitors don't have free early mornings and a concierge made sense since lobbies play classical French music sometimes.""}","survey-text","17","2.1.0","1758782","339773","no_self_explanation","","","","","","","","","","","","q5","text"
"","2621","{""q5_effort"":""Quite a lot of effort""}","survey-multi-choice","18","2.1.0","1761413","339773","no_self_explanation","","","[0]","","","","","","","","","q5","effort"
"","28084","{""q3_mc"":""Some music events are big events.""}","survey-multi-choice","19","2.1.0","1789500","339773","no_self_explanation","","","[0]","","","","","","","","","q3","mc"
"","33019","{""q3_text"":""If all large events require a permit and some small events do, then they could be large events.""}","survey-text","20","2.1.0","1822536","339773","no_self_explanation","","","","","","","","","","","","q3","text"
"","3228","{""q3_effort"":""Little effort""}","survey-multi-choice","21","2.1.0","1825766","339773","no_self_explanation","","","[0]","","","","","","","","","q3","effort"
"","20150","{""q7_mc"":""Barcelona and Transavia""}","survey-multi-choice","22","2.1.0","1845919","339773","no_self_explanation","","","[0]","","","","","","","","","q7","mc"
"","29124","{""q7_text"":""Checking for validity by checking the other two options to see if they match the original flights tested.""}","survey-text","23","2.1.0","1875051","339773","no_self_explanation","","","","","","","","","","","","q7","text"
"","3130","{""q7_effort"":""Little effort""}","survey-multi-choice","24","2.1.0","1878184","339773","no_self_explanation","","","[0]","","","","","","","","","q7","effort"
"","34131","{""q6_mc"":""Less than 10%""}","survey-multi-choice","25","2.1.0","1912320","339773","no_self_explanation","","","[0]","","","","","","","","","q6","mc"
"","36097","{""q6_text"":""Less than 10% because 50/1000 is 5%.""}","survey-text","26","2.1.0","1948425","339773","no_self_explanation","","","","","","","","","","","","q6","text"
"","3478","{""q6_effort"":""Very little effort""}","survey-multi-choice","27","2.1.0","1951906","339773","no_self_explanation","","","[0]","","","","","","","","","q6","effort"
"","29201","{""q8_mc"":""Within 5 years, the number of visitors will increase by 5%""}","survey-multi-choice","28","2.1.0","1981109","339773","no_self_explanation","","","[0]","","","","","","","","","q8","mc"
"","38316","{""q8_text"":""To reach 5% increase I feel like that will take a longer time and that if you increase the amount of years for this to take place, the percentage wouldn't increase too.""}","survey-text","29","2.1.0","2019441","339773","no_self_explanation","","","","","","","","","","","","q8","text"
"","2866","{""q8_effort"":""Little effort""}","survey-multi-choice","30","2.1.0","2022309","339773","no_self_explanation","","","[0]","","","","","","","","","q8","effort"
"","7599","{""q4_mc"":""Spades and 9""}","survey-multi-choice","31","2.1.0","2029910","339773","no_self_explanation","","","[0]","","","","","","","","","q4","mc"
"","22927","{""q4_text"":""Checking spades and 9 instead of hearts and 2 so that you can see if the rules are violated in the third party.""}","survey-text","32","2.1.0","2052845","339773","no_self_explanation","","","","","","","","","","","","q4","text"
"","4162","{""q4_effort"":""Little effort""}","survey-multi-choice","33","2.1.0","2057009","339773","no_self_explanation","","","[0]","","","","","","","","","q4","effort"
