"task","rt","response","trial_type","trial_index","plugin_version","time_elapsed","participant_id","condition","stimulus","view_history","question_order","attention_question_passed","attention_effort_passed","pdf_file","success","timeout","failed_images","failed_audio","failed_video","item","phase"
"sona_id_collection","61469","{""sona_id"":""11/23/2025; 8:30 AM""}","survey-text","0","2.1.0","61482","123992","no_self_explanation","","","","","","","","","","","","",""
"consent","45400","0","html-button-response","1","2.1.0","106885","123992","no_self_explanation","[""<div class=\""consent-box\"">\n                <h2>Informed Consent Form</h2>\n                <p><strong>Title of Research Study:</strong> Critical Thinking Skills Learning Study</p>\n                <p><strong>Purpose:</strong>You are being invited to participate in a research study titled “Reproducibility of Psychological Science and Instruction.” This study is being done by Dr. Bria Long from UC San Diego and associated graduate students in Experimental Methods course. You were selected to participate in this study because you are an adult in the U.S. and have been a represented population in previous psychology studies.</p>\n                <p><strong>Risks and Benefits:</strong> The purpose of this study is to better understand how well previously published studies in the psychological field replicate online and with different populations. Your participation in this research should last approximately 5-30 minutes  If you agree to take part in this study, you may be asked to view a set of stimuli, including pictures, sounds, written text, or videos and then giving some responses via key-presses, verbally, or with paper-and-pencil. We may also observe your choices or preferences among an array of stimuli.  These stimuli will be taken directly from or closely adapted from studies that already exist in the published psychological literature. Stimuli will include, e.g., pictures of objects and human faces, audio and video clips, short text passages, etc. None of the stimuli will be disturbing, threatening, or offensive. The online and in-person experiments described in this protocol will take no more than 30 minutes. An example game you might play would be to click on an image on the screen that matches a word you hear being said out loud. Your total expected time commitment for this study is between 5-30 minutes, and is specified in the study description.</p>\n                <p><strong>Confidentiality:</strong> Your responses will be kept confidential and anonymous. Data will be stored securely and used only for research purposes.</p>\n                <p><strong>Voluntary Participation:</strong> We will not be asking for any personally identifying information, and we will handle responses as confidentially as possible. Your SONA IDs will never be tied to your responses on this survey. However, we cannot guarantee the confidentiality of information transmitted over the Internet. To minimize this risk, data containing anything that might be personally identifiable (e.g. SONA IDs or IP addresses) will be encrypted on transfer and storage and will only be accessible to qualified lab personnel. We will be keeping data collected as part of this experiment indefinitely. This anonymized data (containing neither Prolific IDs nor IP addresses) may be shared with the scientific community or with other participants to be used as stimuli in future studies.</p>\n                <p><strong>Contact Information:</strong> If you have questions about this project or if you have a research-related problem, you may contact the researcher(s),  Dr. Bria Long, brlong@ucsd.edu. If you have any questions concerning your rights as a research subject, you may contact the UC San Diego Office of IRB Administration at irb@ucsd.edu or 858-246-4777.</p>\n                <p><strong>By clicking \""I Agree\"" below, you indicate that:</strong></p>\n                <ul>\n                    <li>You have read and understood the information above</li>\n                    <li>You voluntarily agree to participate</li>\n                    <li>You are at least 18 years old</li>\n                </ul>\n            </div>""]","","","","","","","","","","","",""
"pretest_instructions","11179","","instructions","2","2.1.0","118065","123992","no_self_explanation","","[{""page_index"":0,""viewing_time"":11179}]","","","","","","","","","","",""
"pretest","438733","{""Q0"":""Some rocks can be eaten"",""Q1"":""Not a little nor a lot of effort"",""Q2"":""Y and 7"",""Q3"":""Quite a lot of effort"",""Q4"":""Maybe they would be better off buying the BMW"",""Q5"":""Little effort"",""Q6"":""All roses are living things"",""Q7"":""Very little effort"",""Q8"":""Karin works at a bank and is active in the environmental movement."",""Q9"":""Quite a lot of effort"",""Q10"":""30%"",""Q11"":""Quite a lot of effort"",""Q12"":""15 and beer"",""Q13"":""Very little effort"",""Q14"":""The students score at least 0.1 point higher on the exam"",""Q15"":""Little effort"",""attention_check_pretest_question"":""X and 2"",""attention_check_pretest_effort"":""Quite a lot of effort""}","survey-multi-choice","3","2.1.0","556806","123992","no_self_explanation","","","[0,1,2,3,4,5,6,7,8,9,10,11,12,13,14,15,16,17]","true","true","","","","","","","",""
"practice_instructions","8935","","instructions","4","2.1.0","565743","123992","no_self_explanation","","[{""page_index"":0,""viewing_time"":2288},{""page_index"":1,""viewing_time"":6647}]","","","","","","","","","","",""
"preload_pdf","","","preload","5","2.0.0","565745","123992","no_self_explanation","","","","","","2.pdf","true","false","[]","[]","[]","",""
"enter_fullscreen","34144124","","fullscreen","6","2.1.0","97706066","123992","no_self_explanation","","","","","","","true","","","","","",""
"pdf_display","1533595"," ","html-keyboard-response","7","2.0.0","99239677","123992","no_self_explanation","
        <div id=""pdf-display-container"" style=""text-align: center;"">
            <h3>Educational Materials</h3>
            
            <div class=""pdf-controls"">
                <button onclick=""zoomPDF('pdf-display', -25)"">Zoom Out (-)</button>
                <button onclick=""zoomPDF('pdf-display', 25)"">Zoom In (+)</button>
                <button onclick=""resetZoomPDF('pdf-display')"">Reset Zoom</button>
                <span class=""zoom-level"" id=""zoom-pdf-display"">100%</span>
            </div>
            <div class=""pdf-wrapper"" id=""wrapper-pdf-display"">
                <iframe id=""pdf-display"" src=""2.pdf"" class=""pdf-container""></iframe>
            </div>
            <p style=""margin-top: 10px; font-size: 12px; color: #666;"">
                Use zoom controls above or browser zoom (Ctrl/Cmd + Mouse Wheel). Press spacebar when you have finished reading and are ready to continue.
            </p>
        </div>
    
      <p id=""timer-message"" style=""font-size:16px; color:#c00; margin-top:20px;"">
        Please read for <span id=""countdown""></span> seconds before continuing.
      </p>
  ","","","","","2.pdf","","","","","","",""
"exit_fullscreen","null","","fullscreen","8","2.1.0","99239680","123992","no_self_explanation","","","","","","","true","","","","","",""
"posttest_instructions","19943","","instructions","9","2.1.0","99259624","123992","no_self_explanation","","[{""page_index"":0,""viewing_time"":5208},{""page_index"":1,""viewing_time"":14736}]","","","","","","","","","","",""
"","24881","{""q4_mc"":""Spades and 9""}","survey-multi-choice","10","2.1.0","99284508","123992","no_self_explanation","","","[0]","","","","","","","","","q4","mc"
"","60710","{""q4_text"":""If the heart is supposed to have 2 on the back, then we assume this is true. To check if the rule does not apply, we should look to the card options that would not fit this rule first, to reveal if it is true or not ""}","survey-text","11","2.1.0","99345230","123992","no_self_explanation","","","","","","","","","","","","q4","text"
"","13384","{""q4_effort"":""Not a little nor a lot of effort""}","survey-multi-choice","12","2.1.0","99358616","123992","no_self_explanation","","","[0]","","","","","","","","","q4","effort"
"","130116","{""q8_mc"":""Within 5 years, the number of visitors will increase by 2%""}","survey-multi-choice","13","2.1.0","99488735","123992","no_self_explanation","","","[0]","","","","","","","","","q8","mc"
"","184372","{""q8_text"":""most likely, doing all the things necessary to improve the ratings would take a while to implement. After 5 years, the club might only have recently finished all of the necessary improvements, making the increase in percentage pretty small, as guests will be new to the improvements and might not increase percentages that quickly""}","survey-text","14","2.1.0","99673111","123992","no_self_explanation","","","","","","","","","","","","q8","text"
"","4722","{""q8_effort"":""Not a little nor a lot of effort""}","survey-multi-choice","15","2.1.0","99677834","123992","no_self_explanation","","","[0]","","","","","","","","","q8","effort"
"","29792","{""q5_mc"":""Jacques is a janitor""}","survey-multi-choice","16","2.1.0","99707629","123992","no_self_explanation","","","[0]","","","","","","","","","q5","mc"
"","88737","{""q5_text"":""this is the most general statement, and is the most logical statement. For him to fit any of the other statements, he would have to have multiple of the requirements to fit each one. It is more likely that he is a janitor than he fulfills multiple of the other statements. ""}","survey-text","17","2.1.0","99796369","123992","no_self_explanation","","","","","","","","","","","","q5","text"
"","6443","{""q5_effort"":""Little effort""}","survey-multi-choice","18","2.1.0","99802814","123992","no_self_explanation","","","[0]","","","","","","","","","q5","effort"
"","37705","{""q7_mc"":""Barcelona and Transavia""}","survey-multi-choice","19","2.1.0","99840520","123992","no_self_explanation","","","[0]","","","","","","","","","q7","mc"
"","24951","{""q7_text"":""In this case, we want to find if the rule is broken. Here we want to find the other two options to see if they break the rule. ""}","survey-text","20","2.1.0","99865474","123992","no_self_explanation","","","","","","","","","","","","q7","text"
"","2077","{""q7_effort"":""Very little effort""}","survey-multi-choice","21","2.1.0","99867552","123992","no_self_explanation","","","[0]","","","","","","","","","q7","effort"
"","22784","{""q6_mc"":""More than 75%""}","survey-multi-choice","22","2.1.0","99890339","123992","no_self_explanation","","","[0]","","","","","","","","","q6","mc"
"","42091","{""q6_text"":""Despite the description given of her, the percentage of people who buy from the high end place is high enough that it is more likely she is a buyer of the expensive place anyway. ""}","survey-text","23","2.1.0","99932433","123992","no_self_explanation","","","","","","","","","","","","q6","text"
"","1995","{""q6_effort"":""Little effort""}","survey-multi-choice","24","2.1.0","99934431","123992","no_self_explanation","","","[0]","","","","","","","","","q6","effort"
"","26330","{""q3_mc"":""No correct conclusion possible.""}","survey-multi-choice","25","2.1.0","99960762","123992","no_self_explanation","","","[0]","","","","","","","","","q3","mc"
"","149300","{""q3_text"":""these statements include one general and one specific. There is not enough context to conclude if the two overlap. ""}","survey-text","26","2.1.0","100110066","123992","no_self_explanation","","","","","","","","","","","","q3","text"
"","6521","{""q3_effort"":""Quite a lot of effort""}","survey-multi-choice","27","2.1.0","100116589","123992","no_self_explanation","","","[0]","","","","","","","","","q3","effort"
"","42206","{""q2_mc"":""Perhaps give preference to graduates of Avans University of Applied Sciences.""}","survey-multi-choice","28","2.1.0","100158797","123992","no_self_explanation","","","[0]","","","","","","","","","q2","mc"
"","39670","{""q2_text"":""They might be well off giving these students more opportunities, but it might just be the specific student. The other school might have just as good options. ""}","survey-text","29","2.1.0","100198470","123992","no_self_explanation","","","","","","","","","","","","q2","text"
"","1712","{""q2_effort"":""Not a little nor a lot of effort""}","survey-multi-choice","30","2.1.0","100200183","123992","no_self_explanation","","","[0]","","","","","","","","","q2","effort"
"","90293","{""q1_mc"":""No correct conclusion possible.""}","survey-multi-choice","31","2.1.0","100290478","123992","no_self_explanation","","","[0]","","","","","","","","","q1","mc"
"","100065","{""q1_text"":""although all birds can fly, some chickens cannot, meaning that even though we are aware chickens are birds, the statement is specific, so it would not matter whether we know this fact or not. ""}","survey-text","32","2.1.0","100390546","123992","no_self_explanation","","","","","","","","","","","","q1","text"
"","2005","{""q1_effort"":""Quite a lot of effort""}","survey-multi-choice","33","2.1.0","100392552","123992","no_self_explanation","","","[0]","","","","","","","","","q1","effort"
