"task","rt","response","trial_type","trial_index","plugin_version","time_elapsed","participant_id","condition","stimulus","view_history","question_order","attention_question_passed","attention_effort_passed","pdf_file","success","timeout","failed_images","failed_audio","failed_video","item","phase"
"sona_id_collection","121831","{""sona_id"":""11/23/2025 ; 5:30""}","survey-text","0","2.1.0","121840","517373","no_self_explanation","","","","","","","","","","","","",""
"consent","142499","0","html-button-response","1","2.1.0","264346","517373","no_self_explanation","[""<div class=\""consent-box\"">\n                <h2>Informed Consent Form</h2>\n                <p><strong>Title of Research Study:</strong> Critical Thinking Skills Learning Study</p>\n                <p><strong>Purpose:</strong>You are being invited to participate in a research study titled “Reproducibility of Psychological Science and Instruction.” This study is being done by Dr. Bria Long from UC San Diego and associated graduate students in Experimental Methods course. You were selected to participate in this study because you are an adult in the U.S. and have been a represented population in previous psychology studies.</p>\n                <p><strong>Risks and Benefits:</strong> The purpose of this study is to better understand how well previously published studies in the psychological field replicate online and with different populations. Your participation in this research should last approximately 5-30 minutes  If you agree to take part in this study, you may be asked to view a set of stimuli, including pictures, sounds, written text, or videos and then giving some responses via key-presses, verbally, or with paper-and-pencil. We may also observe your choices or preferences among an array of stimuli.  These stimuli will be taken directly from or closely adapted from studies that already exist in the published psychological literature. Stimuli will include, e.g., pictures of objects and human faces, audio and video clips, short text passages, etc. None of the stimuli will be disturbing, threatening, or offensive. The online and in-person experiments described in this protocol will take no more than 30 minutes. An example game you might play would be to click on an image on the screen that matches a word you hear being said out loud. Your total expected time commitment for this study is between 5-30 minutes, and is specified in the study description.</p>\n                <p><strong>Confidentiality:</strong> Your responses will be kept confidential and anonymous. Data will be stored securely and used only for research purposes.</p>\n                <p><strong>Voluntary Participation:</strong> We will not be asking for any personally identifying information, and we will handle responses as confidentially as possible. Your SONA IDs will never be tied to your responses on this survey. However, we cannot guarantee the confidentiality of information transmitted over the Internet. To minimize this risk, data containing anything that might be personally identifiable (e.g. SONA IDs or IP addresses) will be encrypted on transfer and storage and will only be accessible to qualified lab personnel. We will be keeping data collected as part of this experiment indefinitely. This anonymized data (containing neither Prolific IDs nor IP addresses) may be shared with the scientific community or with other participants to be used as stimuli in future studies.</p>\n                <p><strong>Contact Information:</strong> If you have questions about this project or if you have a research-related problem, you may contact the researcher(s),  Dr. Bria Long, brlong@ucsd.edu. If you have any questions concerning your rights as a research subject, you may contact the UC San Diego Office of IRB Administration at irb@ucsd.edu or 858-246-4777.</p>\n                <p><strong>By clicking \""I Agree\"" below, you indicate that:</strong></p>\n                <ul>\n                    <li>You have read and understood the information above</li>\n                    <li>You voluntarily agree to participate</li>\n                    <li>You are at least 18 years old</li>\n                </ul>\n            </div>""]","","","","","","","","","","","",""
"pretest_instructions","3485","","instructions","2","2.1.0","267835","517373","no_self_explanation","","[{""page_index"":0,""viewing_time"":3485}]","","","","","","","","","","",""
"pretest","382502","{""Q0"":""Some rocks are nuts"",""Q1"":""Quite a lot of effort"",""Q2"":""X and 7"",""Q3"":""Not a little nor a lot of effort"",""Q4"":""Maybe they would be better off buying the BMW"",""Q5"":""Very little effort"",""Q6"":""All roses are living things"",""Q7"":""Very little effort"",""Q8"":""Karin works at a bank and is active in the environmental movement."",""Q9"":""Little effort"",""Q10"":""Less than 3%"",""Q11"":""Little effort"",""Q12"":""15 and cola"",""Q13"":""Very little effort"",""Q14"":""The students score at least 1.0 points higher on the exam"",""Q15"":""Very little effort"",""attention_check_pretest_question"":""X and 2"",""attention_check_pretest_effort"":""Very little effort""}","survey-multi-choice","3","2.1.0","650346","517373","no_self_explanation","","","[0,1,2,3,4,5,6,7,8,9,10,11,12,13,14,15,16,17]","true","false","","","","","","","",""
"practice_instructions","5541","","instructions","4","2.1.0","655891","517373","no_self_explanation","","[{""page_index"":0,""viewing_time"":1937},{""page_index"":1,""viewing_time"":3603}]","","","","","","","","","","",""
"preload_pdf","","","preload","5","2.0.0","655896","517373","no_self_explanation","","","","","","2.pdf","true","false","[]","[]","[]","",""
"enter_fullscreen","2707","","fullscreen","6","2.1.0","659609","517373","no_self_explanation","","","","","","","true","","","","","",""
"pdf_display","127136"," ","html-keyboard-response","7","2.0.0","786764","517373","no_self_explanation","
        <div id=""pdf-display-container"" style=""text-align: center;"">
            <h3>Educational Materials</h3>
            
            <div class=""pdf-controls"">
                <button onclick=""zoomPDF('pdf-display', -25)"">Zoom Out (-)</button>
                <button onclick=""zoomPDF('pdf-display', 25)"">Zoom In (+)</button>
                <button onclick=""resetZoomPDF('pdf-display')"">Reset Zoom</button>
                <span class=""zoom-level"" id=""zoom-pdf-display"">100%</span>
            </div>
            <div class=""pdf-wrapper"" id=""wrapper-pdf-display"">
                <iframe id=""pdf-display"" src=""2.pdf"" class=""pdf-container""></iframe>
            </div>
            <p style=""margin-top: 10px; font-size: 12px; color: #666;"">
                Use zoom controls above or browser zoom (Ctrl/Cmd + Mouse Wheel). Press spacebar when you have finished reading and are ready to continue.
            </p>
        </div>
    
      <p id=""timer-message"" style=""font-size:16px; color:#c00; margin-top:20px;"">
        Please read for <span id=""countdown""></span> seconds before continuing.
      </p>
  ","","","","","2.pdf","","","","","","",""
"exit_fullscreen","null","","fullscreen","8","2.1.0","786766","517373","no_self_explanation","","","","","","","true","","","","","",""
"posttest_instructions","10329","","instructions","9","2.1.0","797097","517373","no_self_explanation","","[{""page_index"":0,""viewing_time"":2512},{""page_index"":1,""viewing_time"":7817}]","","","","","","","","","","",""
"","58589","{""q6_mc"":""Less than 10%""}","survey-multi-choice","10","2.1.0","855692","517373","no_self_explanation","","","[0]","","","","","","","","","q6","mc"
"","90978","{""q6_text"":""The probability is low even though Sacha is described as wealthy, (Porsche, works at a bank, etc). ""}","survey-text","11","2.1.0","946676","517373","no_self_explanation","","","","","","","","","","","","q6","text"
"","4636","{""q6_effort"":""Not a little nor a lot of effort""}","survey-multi-choice","12","2.1.0","951315","517373","no_self_explanation","","","[0]","","","","","","","","","q6","effort"
"","100848","{""q2_mc"":""Perhaps give preference to graduates of Tilburg University.""}","survey-multi-choice","13","2.1.0","1052167","517373","no_self_explanation","","","[0]","","","","","","","","","q2","mc"
"","75024","{""q2_text"":""Not definitely, but because they've had good experience in the past they will still strongly favor the graduates if Tilburg versus the strong HBO candidate, unfortunately. ""}","survey-text","14","2.1.0","1127194","517373","no_self_explanation","","","","","","","","","","","","q2","text"
"","3020","{""q2_effort"":""Not a little nor a lot of effort""}","survey-multi-choice","15","2.1.0","1130217","517373","no_self_explanation","","","[0]","","","","","","","","","q2","effort"
"","52418","{""q3_mc"":""No correct conclusion possible.""}","survey-multi-choice","16","2.1.0","1182638","517373","no_self_explanation","","","[0]","","","","","","","","","q3","mc"
"","40453","{""q3_text"":""From the two statements I can't logically conclude anything about the size of events when it's speaking about permits. ""}","survey-text","17","2.1.0","1223094","517373","no_self_explanation","","","","","","","","","","","","q3","text"
"","1813","{""q3_effort"":""Not a little nor a lot of effort""}","survey-multi-choice","18","2.1.0","1224910","517373","no_self_explanation","","","[0]","","","","","","","","","q3","effort"
"","63661","{""q7_mc"":""Madrid and Transavia""}","survey-multi-choice","19","2.1.0","1288575","517373","no_self_explanation","","","[0]","","","","","","","","","q7","mc"
"","125180","{""q7_text"":""Transavia breaks the rule if when it's flipped shows because it's not Ryanair. ""}","survey-text","20","2.1.0","1413757","517373","no_self_explanation","","","","","","","","","","","","q7","text"
"","2793","{""q7_effort"":""Quite a lot of effort""}","survey-multi-choice","21","2.1.0","1416551","517373","no_self_explanation","","","[0]","","","","","","","","","q7","effort"
"","188056","{""q8_mc"":""Within 5 years, the number of visitors will increase by 2%""}","survey-multi-choice","22","2.1.0","1604601","517373","no_self_explanation","","","[0]","","","","","","","","","q8","mc"
"","92972","{""q8_text"":""This is most likely because real-life improvements tend to underperform optimistic goals. ""}","survey-text","23","2.1.0","1697582","517373","no_self_explanation","","","","","","","","","","","","q8","text"
"","3308","{""q8_effort"":""Quite a lot of effort""}","survey-multi-choice","24","2.1.0","1700892","517373","no_self_explanation","","","[0]","","","","","","","","","q8","effort"
"","46842","{""q1_mc"":""Some chickens are birds.""}","survey-multi-choice","25","2.1.0","1747735","517373","no_self_explanation","","","[0]","","","","","","","","","q1","mc"
"","25479","{""q1_text"":""It's the only answer where both propositions can be true at the same time. ""}","survey-text","26","2.1.0","1773217","517373","no_self_explanation","","","","","","","","","","","","q1","text"
"","2630","{""q1_effort"":""Little effort""}","survey-multi-choice","27","2.1.0","1775850","517373","no_self_explanation","","","[0]","","","","","","","","","q1","effort"
"","53299","{""q4_mc"":""Hearts and 9""}","survey-multi-choice","28","2.1.0","1829152","517373","no_self_explanation","","","[0]","","","","","","","","","q4","mc"
"","190616","{""q4_text"":""They are the only cards that can actually disprove the rule. ""}","survey-text","29","2.1.0","2019770","517373","no_self_explanation","","","","","","","","","","","","q4","text"
"","60294","{""q4_effort"":""Not a little nor a lot of effort""}","survey-multi-choice","30","2.1.0","2080066","517373","no_self_explanation","","","[0]","","","","","","","","","q4","effort"
"","110690","{""q5_mc"":""Jacques is a janitor""}","survey-multi-choice","31","2.1.0","2190757","517373","no_self_explanation","","","[0]","","","","","","","","","q5","mc"
"","40787","{""q5_text"":""Based on the probability, I'm not matching it to his personality. ""}","survey-text","32","2.1.0","2231548","517373","no_self_explanation","","","","","","","","","","","","q5","text"
"","9637","{""q5_effort"":""Not a little nor a lot of effort""}","survey-multi-choice","33","2.1.0","2241188","517373","no_self_explanation","","","[0]","","","","","","","","","q5","effort"
