"task","rt","response","trial_type","trial_index","plugin_version","time_elapsed","participant_id","condition","stimulus","view_history","question_order","attention_question_passed","attention_effort_passed","pdf_file","success","timeout","failed_images","failed_audio","failed_video","item","phase"
"sona_id_collection","163142","{""sona_id"":""11/23/2025 ; 6:30 PM""}","survey-text","0","2.1.0","163148","736355","no_self_explanation","","","","","","","","","","","","",""
"consent","66801","0","html-button-response","1","2.1.0","229951","736355","no_self_explanation","[""<div class=\""consent-box\"">\n                <h2>Informed Consent Form</h2>\n                <p><strong>Title of Research Study:</strong> Critical Thinking Skills Learning Study</p>\n                <p><strong>Purpose:</strong>You are being invited to participate in a research study titled “Reproducibility of Psychological Science and Instruction.” This study is being done by Dr. Bria Long from UC San Diego and associated graduate students in Experimental Methods course. You were selected to participate in this study because you are an adult in the U.S. and have been a represented population in previous psychology studies.</p>\n                <p><strong>Risks and Benefits:</strong> The purpose of this study is to better understand how well previously published studies in the psychological field replicate online and with different populations. Your participation in this research should last approximately 5-30 minutes  If you agree to take part in this study, you may be asked to view a set of stimuli, including pictures, sounds, written text, or videos and then giving some responses via key-presses, verbally, or with paper-and-pencil. We may also observe your choices or preferences among an array of stimuli.  These stimuli will be taken directly from or closely adapted from studies that already exist in the published psychological literature. Stimuli will include, e.g., pictures of objects and human faces, audio and video clips, short text passages, etc. None of the stimuli will be disturbing, threatening, or offensive. The online and in-person experiments described in this protocol will take no more than 30 minutes. An example game you might play would be to click on an image on the screen that matches a word you hear being said out loud. Your total expected time commitment for this study is between 5-30 minutes, and is specified in the study description.</p>\n                <p><strong>Confidentiality:</strong> Your responses will be kept confidential and anonymous. Data will be stored securely and used only for research purposes.</p>\n                <p><strong>Voluntary Participation:</strong> We will not be asking for any personally identifying information, and we will handle responses as confidentially as possible. Your SONA IDs will never be tied to your responses on this survey. However, we cannot guarantee the confidentiality of information transmitted over the Internet. To minimize this risk, data containing anything that might be personally identifiable (e.g. SONA IDs or IP addresses) will be encrypted on transfer and storage and will only be accessible to qualified lab personnel. We will be keeping data collected as part of this experiment indefinitely. This anonymized data (containing neither Prolific IDs nor IP addresses) may be shared with the scientific community or with other participants to be used as stimuli in future studies.</p>\n                <p><strong>Contact Information:</strong> If you have questions about this project or if you have a research-related problem, you may contact the researcher(s),  Dr. Bria Long, brlong@ucsd.edu. If you have any questions concerning your rights as a research subject, you may contact the UC San Diego Office of IRB Administration at irb@ucsd.edu or 858-246-4777.</p>\n                <p><strong>By clicking \""I Agree\"" below, you indicate that:</strong></p>\n                <ul>\n                    <li>You have read and understood the information above</li>\n                    <li>You voluntarily agree to participate</li>\n                    <li>You are at least 18 years old</li>\n                </ul>\n            </div>""]","","","","","","","","","","","",""
"pretest_instructions","3748","","instructions","2","2.1.0","233699","736355","no_self_explanation","","[{""page_index"":0,""viewing_time"":3748}]","","","","","","","","","","",""
"pretest","729025","{""Q0"":""No correct conclusion possible"",""Q1"":""Little effort"",""Q2"":""Y and 7"",""Q3"":""Quite a lot of effort"",""Q4"":""Maybe they would be better off buying the BMW"",""Q5"":""Not a little nor a lot of effort"",""Q6"":""No correct conclusion possible"",""Q7"":""Very little effort"",""Q8"":""Karin works at a bank"",""Q9"":""Little effort"",""Q10"":""Less than 3%"",""Q11"":""Very little effort"",""Q12"":""18 and cola"",""Q13"":""Little effort"",""Q14"":""The students score at least 0.1 point higher on the exam"",""Q15"":""Little effort"",""attention_check_pretest_question"":""X and 2"",""attention_check_pretest_effort"":""Very little effort""}","survey-multi-choice","3","2.1.0","962727","736355","no_self_explanation","","","[0,1,2,3,4,5,6,7,8,9,10,11,12,13,14,15,16,17]","true","false","","","","","","","",""
"practice_instructions","4758","","instructions","4","2.1.0","967486","736355","no_self_explanation","","[{""page_index"":0,""viewing_time"":1602},{""page_index"":1,""viewing_time"":3157}]","","","","","","","","","","",""
"preload_pdf","","","preload","5","2.0.0","967487","736355","no_self_explanation","","","","","","2.pdf","true","false","[]","[]","[]","",""
"enter_fullscreen","1665","","fullscreen","6","2.1.0","970153","736355","no_self_explanation","","","","","","","true","","","","","",""
"pdf_display","786220"," ","html-keyboard-response","7","2.0.0","1756376","736355","no_self_explanation","
        <div id=""pdf-display-container"" style=""text-align: center;"">
            <h3>Educational Materials</h3>
            
            <div class=""pdf-controls"">
                <button onclick=""zoomPDF('pdf-display', -25)"">Zoom Out (-)</button>
                <button onclick=""zoomPDF('pdf-display', 25)"">Zoom In (+)</button>
                <button onclick=""resetZoomPDF('pdf-display')"">Reset Zoom</button>
                <span class=""zoom-level"" id=""zoom-pdf-display"">100%</span>
            </div>
            <div class=""pdf-wrapper"" id=""wrapper-pdf-display"">
                <iframe id=""pdf-display"" src=""2.pdf"" class=""pdf-container""></iframe>
            </div>
            <p style=""margin-top: 10px; font-size: 12px; color: #666;"">
                Use zoom controls above or browser zoom (Ctrl/Cmd + Mouse Wheel). Press spacebar when you have finished reading and are ready to continue.
            </p>
        </div>
    
      <p id=""timer-message"" style=""font-size:16px; color:#c00; margin-top:20px;"">
        Please read for <span id=""countdown""></span> seconds before continuing.
      </p>
  ","","","","","2.pdf","","","","","","",""
"exit_fullscreen","null","","fullscreen","8","2.1.0","1756377","736355","no_self_explanation","","","","","","","true","","","","","",""
"posttest_instructions","4805","","instructions","9","2.1.0","1761183","736355","no_self_explanation","","[{""page_index"":0,""viewing_time"":2668},{""page_index"":1,""viewing_time"":2138}]","","","","","","","","","","",""
"","15765","{""q8_mc"":""Within 5 years, the number of visitors will increase by 2%""}","survey-multi-choice","10","2.1.0","1776949","736355","no_self_explanation","","","[0]","","","","","","","","","q8","mc"
"","22271","{""q8_text"":""Increasing by the smallest percentage is always more likely than by a larger percentage.""}","survey-text","11","2.1.0","1799223","736355","no_self_explanation","","","","","","","","","","","","q8","text"
"","3539","{""q8_effort"":""Little effort""}","survey-multi-choice","12","2.1.0","1802763","736355","no_self_explanation","","","[0]","","","","","","","","","q8","effort"
"","20301","{""q3_mc"":""Some music events aren't big events.""}","survey-multi-choice","13","2.1.0","1823065","736355","no_self_explanation","","","[0]","","","","","","","","","q3","mc"
"","19994","{""q3_text"":""Music events don't always require permits so they aren't always big events.""}","survey-text","14","2.1.0","1843060","736355","no_self_explanation","","","","","","","","","","","","q3","text"
"","2595","{""q3_effort"":""Very little effort""}","survey-multi-choice","15","2.1.0","1845656","736355","no_self_explanation","","","[0]","","","","","","","","","q3","effort"
"","32668","{""q1_mc"":""No correct conclusion possible.""}","survey-multi-choice","16","2.1.0","1878325","736355","no_self_explanation","","","[0]","","","","","","","","","q1","mc"
"","28836","{""q1_text"":""No statement saying chicken are birds, therefore we cannot assume there is a correlation.""}","survey-text","17","2.1.0","1907163","736355","no_self_explanation","","","","","","","","","","","","q1","text"
"","1882","{""q1_effort"":""Very little effort""}","survey-multi-choice","18","2.1.0","1909045","736355","no_self_explanation","","","[0]","","","","","","","","","q1","effort"
"","19664","{""q5_mc"":""Jacques is a janitor""}","survey-multi-choice","19","2.1.0","1928709","736355","no_self_explanation","","","[0]","","","","","","","","","q5","mc"
"","39142","{""q5_text"":""His interests may make him likely to have more hobbies but being a janitor is 1 possibility versus having the possibility of 3 qualities. ""}","survey-text","20","2.1.0","1967852","736355","no_self_explanation","","","","","","","","","","","","q5","text"
"","5054","{""q5_effort"":""Little effort""}","survey-multi-choice","21","2.1.0","1972907","736355","no_self_explanation","","","[0]","","","","","","","","","q5","effort"
"","32256","{""q4_mc"":""Hearts and 9""}","survey-multi-choice","22","2.1.0","2005164","736355","no_self_explanation","","","[0]","","","","","","","","","q4","mc"
"","64004","{""q4_text"":""Flip the heart to ensure there is a 2 on the back, if there isn't, the rule is broken.\nFlip the 9 to ensure there isn't a heart on the back. If there is, the rule is broken as it should be a 2 instead of a 9 in the back of the heart block.""}","survey-text","23","2.1.0","2069168","736355","no_self_explanation","","","","","","","","","","","","q4","text"
"","2603","{""q4_effort"":""Very little effort""}","survey-multi-choice","24","2.1.0","2071772","736355","no_self_explanation","","","[0]","","","","","","","","","q4","effort"
"","61505","{""q7_mc"":""Madrid and Transavia""}","survey-multi-choice","25","2.1.0","2133278","736355","no_self_explanation","","","[0]","","","","","","","","","q7","mc"
"","38707","{""q7_text"":""Madrid should have Ryanair on the back.\nFlipping Transavia ticket to ensure Madrid is not on the back, if it is, rule is violated.""}","survey-text","26","2.1.0","2171986","736355","no_self_explanation","","","","","","","","","","","","q7","text"
"","1777","{""q7_effort"":""Very little effort""}","survey-multi-choice","27","2.1.0","2173763","736355","no_self_explanation","","","[0]","","","","","","","","","q7","effort"
"","44182","{""q6_mc"":""Less than 10%""}","survey-multi-choice","28","2.1.0","2217946","736355","no_self_explanation","","","[0]","","","","","","","","","q6","mc"
"","31056","{""q6_text"":""50/1000 = 0.05 = 5% randomly selected participant shops at the high-end stores.""}","survey-text","29","2.1.0","2249002","736355","no_self_explanation","","","","","","","","","","","","q6","text"
"","1958","{""q6_effort"":""Very little effort""}","survey-multi-choice","30","2.1.0","2250961","736355","no_self_explanation","","","[0]","","","","","","","","","q6","effort"
"","154874","{""q2_mc"":""Perhaps give preference to graduates of Tilburg University.""}","survey-multi-choice","31","2.1.0","2405836","736355","no_self_explanation","","","[0]","","","","","","","","","q2","mc"
"","27725","{""q2_text"":""15 years of experience appears to be more strong, anecdotal evidence""}","survey-text","32","2.1.0","2433562","736355","no_self_explanation","","","","","","","","","","","","q2","text"
"","2430","{""q2_effort"":""Not a little nor a lot of effort""}","survey-multi-choice","33","2.1.0","2435993","736355","no_self_explanation","","","[0]","","","","","","","","","q2","effort"
