"task","rt","response","trial_type","trial_index","plugin_version","time_elapsed","participant_id","condition","stimulus","view_history","question_order","attention_question_passed","attention_effort_passed","pdf_file","success","timeout","failed_images","failed_audio","failed_video","item","phase"
"sona_id_collection","73539","{""sona_id"":""11/23/2025; 9 AM""}","survey-text","0","2.1.0","73657","475082","self_explanation","","","","","","","","","","","","",""
"consent","1843","0","html-button-response","1","2.1.0","75504","475082","self_explanation","[""<div class=\""consent-box\"">\n                <h2>Informed Consent Form</h2>\n                <p><strong>Title of Research Study:</strong> Critical Thinking Skills Learning Study</p>\n                <p><strong>Purpose:</strong>You are being invited to participate in a research study titled “Reproducibility of Psychological Science and Instruction.” This study is being done by Dr. Bria Long from UC San Diego and associated graduate students in Experimental Methods course. You were selected to participate in this study because you are an adult in the U.S. and have been a represented population in previous psychology studies.</p>\n                <p><strong>Risks and Benefits:</strong> The purpose of this study is to better understand how well previously published studies in the psychological field replicate online and with different populations. Your participation in this research should last approximately 5-30 minutes  If you agree to take part in this study, you may be asked to view a set of stimuli, including pictures, sounds, written text, or videos and then giving some responses via key-presses, verbally, or with paper-and-pencil. We may also observe your choices or preferences among an array of stimuli.  These stimuli will be taken directly from or closely adapted from studies that already exist in the published psychological literature. Stimuli will include, e.g., pictures of objects and human faces, audio and video clips, short text passages, etc. None of the stimuli will be disturbing, threatening, or offensive. The online and in-person experiments described in this protocol will take no more than 30 minutes. An example game you might play would be to click on an image on the screen that matches a word you hear being said out loud. Your total expected time commitment for this study is between 5-30 minutes, and is specified in the study description.</p>\n                <p><strong>Confidentiality:</strong> Your responses will be kept confidential and anonymous. Data will be stored securely and used only for research purposes.</p>\n                <p><strong>Voluntary Participation:</strong> We will not be asking for any personally identifying information, and we will handle responses as confidentially as possible. Your SONA IDs will never be tied to your responses on this survey. However, we cannot guarantee the confidentiality of information transmitted over the Internet. To minimize this risk, data containing anything that might be personally identifiable (e.g. SONA IDs or IP addresses) will be encrypted on transfer and storage and will only be accessible to qualified lab personnel. We will be keeping data collected as part of this experiment indefinitely. This anonymized data (containing neither Prolific IDs nor IP addresses) may be shared with the scientific community or with other participants to be used as stimuli in future studies.</p>\n                <p><strong>Contact Information:</strong> If you have questions about this project or if you have a research-related problem, you may contact the researcher(s),  Dr. Bria Long, brlong@ucsd.edu. If you have any questions concerning your rights as a research subject, you may contact the UC San Diego Office of IRB Administration at irb@ucsd.edu or 858-246-4777.</p>\n                <p><strong>By clicking \""I Agree\"" below, you indicate that:</strong></p>\n                <ul>\n                    <li>You have read and understood the information above</li>\n                    <li>You voluntarily agree to participate</li>\n                    <li>You are at least 18 years old</li>\n                </ul>\n            </div>""]","","","","","","","","","","","",""
"pretest_instructions","1527","","instructions","2","2.1.0","77034","475082","self_explanation","","[{""page_index"":0,""viewing_time"":1527}]","","","","","","","","","","",""
"pretest","278328","{""Q0"":""Some rocks can be eaten"",""Q1"":""Not a little nor a lot of effort"",""Q2"":""Y and 2"",""Q3"":""Not a little nor a lot of effort"",""Q4"":""Maybe they would be better off buying the Audi"",""Q5"":""A lot of effort"",""Q6"":""Some roses are living things"",""Q7"":""Not a little nor a lot of effort"",""Q8"":""Karin works at a bank"",""Q9"":""Not a little nor a lot of effort"",""Q10"":""Less than 3%"",""Q11"":""Quite a lot of effort"",""Q12"":""18 and beer"",""Q13"":""Not a little nor a lot of effort"",""Q14"":""The students score at least 0.7 points higher on the exam"",""Q15"":""A lot of effort"",""attention_check_pretest_question"":""X and 2"",""attention_check_pretest_effort"":""Quite a lot of effort""}","survey-multi-choice","3","2.1.0","355369","475082","self_explanation","","","[0,1,2,3,4,5,6,7,8,9,10,11,12,13,14,15,16,17]","true","true","","","","","","","",""
"practice_instructions","3652","","instructions","4","2.1.0","359023","475082","self_explanation","","[{""page_index"":0,""viewing_time"":1683},{""page_index"":1,""viewing_time"":1969}]","","","","","","","","","","",""
"preload_pdf","","","preload","5","2.0.0","359026","475082","self_explanation","","","","","","1.pdf","true","false","[]","[]","[]","",""
"enter_fullscreen","2863","","fullscreen","6","2.1.0","362901","475082","self_explanation","","","","","","","true","","","","","",""
"pdf_display","145844"," ","html-keyboard-response","7","2.0.0","508757","475082","self_explanation","
        <div id=""pdf-display-container"" style=""text-align: center;"">
            <h3>Educational Materials</h3>
            <p style=""color: #2196F3; font-weight: bold;"">Remember: As you read, please provide self-explanations about what you are learning.</p>
            <div class=""pdf-controls"">
                <button onclick=""zoomPDF('pdf-display', -25)"">Zoom Out (-)</button>
                <button onclick=""zoomPDF('pdf-display', 25)"">Zoom In (+)</button>
                <button onclick=""resetZoomPDF('pdf-display')"">Reset Zoom</button>
                <span class=""zoom-level"" id=""zoom-pdf-display"">100%</span>
            </div>
            <div class=""pdf-wrapper"" id=""wrapper-pdf-display"">
                <iframe id=""pdf-display"" src=""1.pdf"" class=""pdf-container""></iframe>
            </div>
            <p style=""margin-top: 10px; font-size: 12px; color: #666;"">
                Use zoom controls above or browser zoom (Ctrl/Cmd + Mouse Wheel). Press spacebar when you have finished reading and are ready to continue.
            </p>
        </div>
    
      <p id=""timer-message"" style=""font-size:16px; color:#c00; margin-top:20px;"">
        Please read for <span id=""countdown""></span> seconds before continuing.
      </p>
  ","","","","","1.pdf","","","","","","",""
"exit_fullscreen","null","","fullscreen","8","2.1.0","508761","475082","self_explanation","","","","","","","true","","","","","",""
"practice_instructions_questions","4651","","instructions","9","2.1.0","513413","475082","self_explanation","","[{""page_index"":0,""viewing_time"":3190},{""page_index"":1,""viewing_time"":1461}]","","","","","","","","","","",""
"practice","200688","{""practice_q3_text"":""D\nThe safety requirements are established by a relable recognized institution and are being put forward by a colligue who is experienced, if the event policy is followed it will not meet the safety requirements or the safety plan but the reverse may not be true thus a higher standard of safety is better""}","survey-text","10","2.1.0","714109","475082","self_explanation","","","","","","","","","","","","practice_q3","text"
"practice","27933","{""practice_q2_text"":""d?\nhonestly this is math and I'd need a calculator I have no idea.""}","survey-text","11","2.1.0","742062","475082","self_explanation","","","","","","","","","","","","practice_q2","text"
"practice","79359","{""practice_q1_text"":""A) \nAll DJs have talent and all participants at the EDM have talent therefore A""}","survey-text","12","2.1.0","821428","475082","self_explanation","","","","","","","","","","","","practice_q1","text"
"posttest_instructions","3559","","instructions","13","2.1.0","824990","475082","self_explanation","","[{""page_index"":0,""viewing_time"":2027},{""page_index"":1,""viewing_time"":1532}]","","","","","","","","","","",""
"","20687","{""q1_mc"":""Some chickens are not birds.""}","survey-multi-choice","14","2.1.0","845679","475082","self_explanation","","","[0]","","","","","","","","","q1","mc"
"","17008","{""q1_text"":""if all birds fly and something does not fly it is not a bird because all birds fly""}","survey-text","15","2.1.0","862692","475082","self_explanation","","","","","","","","","","","","q1","text"
"","3598","{""q1_effort"":""Not a little nor a lot of effort""}","survey-multi-choice","16","2.1.0","866292","475082","self_explanation","","","[0]","","","","","","","","","q1","effort"
"","40969","{""q7_mc"":""Madrid and Transavia""}","survey-multi-choice","17","2.1.0","907262","475082","self_explanation","","","[0]","","","","","","","","","q7","mc"
"","35791","{""q7_text"":""Madrid and Transylvania are the destinations, Madrid must go to Ryiner but the company doesn't need to only fly to Madrid ""}","survey-text","18","2.1.0","943058","475082","self_explanation","","","","","","","","","","","","q7","text"
"","3306","{""q7_effort"":""Quite a lot of effort""}","survey-multi-choice","19","2.1.0","946366","475082","self_explanation","","","[0]","","","","","","","","","q7","effort"
"","4141","{""q8_mc"":""Within 5 years, the number of visitors will increase by 5%""}","survey-multi-choice","20","2.1.0","950508","475082","self_explanation","","","[0]","","","","","","","","","q8","mc"
"","8037","{""q8_text"":""math again just skip it""}","survey-text","21","2.1.0","958550","475082","self_explanation","","","","","","","","","","","","q8","text"
"","3223","{""q8_effort"":""Very little effort""}","survey-multi-choice","22","2.1.0","961775","475082","self_explanation","","","[0]","","","","","","","","","q8","effort"
"","13719","{""q4_mc"":""Hearts and 2""}","survey-multi-choice","23","2.1.0","975496","475082","self_explanation","","","[0]","","","","","","","","","q4","mc"
"","21374","{""q4_text"":""if there is a heart and it has anything other than 2 rule broke, vice versa with 2 and any other suit""}","survey-text","24","2.1.0","996874","475082","self_explanation","","","","","","","","","","","","q4","text"
"","3054","{""q4_effort"":""Not a little nor a lot of effort""}","survey-multi-choice","25","2.1.0","999931","475082","self_explanation","","","[0]","","","","","","","","","q4","effort"
"","9165","{""q2_mc"":""Perhaps give preference to graduates of Avans University of Applied Sciences.""}","survey-multi-choice","26","2.1.0","1009097","475082","self_explanation","","","[0]","","","","","","","","","q2","mc"
"","8909","{""q2_text"":""nope dylsexia couldn't read it""}","survey-text","27","2.1.0","1018019","475082","self_explanation","","","","","","","","","","","","q2","text"
"","4139","{""q2_effort"":""Very little effort""}","survey-multi-choice","28","2.1.0","1022159","475082","self_explanation","","","[0]","","","","","","","","","q2","effort"
"","83101","{""q5_mc"":""Jacques is a janitor""}","survey-multi-choice","29","2.1.0","1105261","475082","self_explanation","","","[0]","","","","","","","","","q5","mc"
"","60499","{""q5_text"":""you can't assume his nationality because he likes Tai Chi and French literature. French literature isn't nessissarily poetry as an introvert you cannot assume that he would select a job that interacts with people much. therefore it is impossible to assume anything making the least assumptions made the most likely""}","survey-text","30","2.1.0","1165763","475082","self_explanation","","","","","","","","","","","","q5","text"
"","2407","{""q5_effort"":""Quite a lot of effort""}","survey-multi-choice","31","2.1.0","1168173","475082","self_explanation","","","[0]","","","","","","","","","q5","effort"
"","16156","{""q3_mc"":""Some music events are big events.""}","survey-multi-choice","32","2.1.0","1184331","475082","self_explanation","","","[0]","","","","","","","","","q3","mc"
"","9358","{""q3_text"":""I dunno just felt right""}","survey-text","33","2.1.0","1193696","475082","self_explanation","","","","","","","","","","","","q3","text"
"","3356","{""q3_effort"":""Very little effort""}","survey-multi-choice","34","2.1.0","1197054","475082","self_explanation","","","[0]","","","","","","","","","q3","effort"
"","3434","{""q6_mc"":""Less than 10%""}","survey-multi-choice","35","2.1.0","1200491","475082","self_explanation","","","[0]","","","","","","","","","q6","mc"
"","2699","{""q6_text"":""gaaaah""}","survey-text","36","2.1.0","1203193","475082","self_explanation","","","","","","","","","","","","q6","text"
"","3214","{""q6_effort"":""Little effort""}","survey-multi-choice","37","2.1.0","1206409","475082","self_explanation","","","[0]","","","","","","","","","q6","effort"
