"task","rt","response","trial_type","trial_index","plugin_version","time_elapsed","participant_id","condition","stimulus","view_history","question_order","attention_question_passed","attention_effort_passed","pdf_file","success","timeout","failed_images","failed_audio","failed_video","item","phase"
"sona_id_collection","158753","{""sona_id"":""11/22/2025;7:00 pm""}","survey-text","0","2.1.0","158766","247662","self_explanation","","","","","","","","","","","","",""
"consent","50191","0","html-button-response","1","2.1.0","208960","247662","self_explanation","[""<div class=\""consent-box\"">\n                <h2>Informed Consent Form</h2>\n                <p><strong>Title of Research Study:</strong> Critical Thinking Skills Learning Study</p>\n                <p><strong>Purpose:</strong>You are being invited to participate in a research study titled “Reproducibility of Psychological Science and Instruction.” This study is being done by Dr. Bria Long from UC San Diego and associated graduate students in Experimental Methods course. You were selected to participate in this study because you are an adult in the U.S. and have been a represented population in previous psychology studies.</p>\n                <p><strong>Risks and Benefits:</strong> The purpose of this study is to better understand how well previously published studies in the psychological field replicate online and with different populations. Your participation in this research should last approximately 5-30 minutes  If you agree to take part in this study, you may be asked to view a set of stimuli, including pictures, sounds, written text, or videos and then giving some responses via key-presses, verbally, or with paper-and-pencil. We may also observe your choices or preferences among an array of stimuli.  These stimuli will be taken directly from or closely adapted from studies that already exist in the published psychological literature. Stimuli will include, e.g., pictures of objects and human faces, audio and video clips, short text passages, etc. None of the stimuli will be disturbing, threatening, or offensive. The online and in-person experiments described in this protocol will take no more than 30 minutes. An example game you might play would be to click on an image on the screen that matches a word you hear being said out loud. Your total expected time commitment for this study is between 5-30 minutes, and is specified in the study description.</p>\n                <p><strong>Confidentiality:</strong> Your responses will be kept confidential and anonymous. Data will be stored securely and used only for research purposes.</p>\n                <p><strong>Voluntary Participation:</strong> We will not be asking for any personally identifying information, and we will handle responses as confidentially as possible. Your SONA IDs will never be tied to your responses on this survey. However, we cannot guarantee the confidentiality of information transmitted over the Internet. To minimize this risk, data containing anything that might be personally identifiable (e.g. SONA IDs or IP addresses) will be encrypted on transfer and storage and will only be accessible to qualified lab personnel. We will be keeping data collected as part of this experiment indefinitely. This anonymized data (containing neither Prolific IDs nor IP addresses) may be shared with the scientific community or with other participants to be used as stimuli in future studies.</p>\n                <p><strong>Contact Information:</strong> If you have questions about this project or if you have a research-related problem, you may contact the researcher(s),  Dr. Bria Long, brlong@ucsd.edu. If you have any questions concerning your rights as a research subject, you may contact the UC San Diego Office of IRB Administration at irb@ucsd.edu or 858-246-4777.</p>\n                <p><strong>By clicking \""I Agree\"" below, you indicate that:</strong></p>\n                <ul>\n                    <li>You have read and understood the information above</li>\n                    <li>You voluntarily agree to participate</li>\n                    <li>You are at least 18 years old</li>\n                </ul>\n            </div>""]","","","","","","","","","","","",""
"pretest_instructions","7688","","instructions","2","2.1.0","216648","247662","self_explanation","","[{""page_index"":0,""viewing_time"":7687}]","","","","","","","","","","",""
"pretest","471895","{""Q0"":""No correct conclusion possible"",""Q1"":""Quite a lot of effort"",""Q2"":""Y and 2"",""Q3"":""Quite a lot of effort"",""Q4"":""Maybe they would be better off buying the BMW"",""Q5"":""Little effort"",""Q6"":""All roses are living things"",""Q7"":""Little effort"",""Q8"":""Karin works at a bank and is active in the environmental movement and for a local political party"",""Q9"":""Not a little nor a lot of effort"",""Q10"":""Less than 3%"",""Q11"":""Very little effort"",""Q12"":""18 and cola"",""Q13"":""Not a little nor a lot of effort"",""Q14"":""The students score at least 1.0 points higher on the exam"",""Q15"":""Little effort"",""attention_check_pretest_question"":""X and 2"",""attention_check_pretest_effort"":""Very little effort""}","survey-multi-choice","3","2.1.0","688548","247662","self_explanation","","","[0,1,2,3,4,5,6,7,8,9,10,11,12,13,14,15,16,17]","true","false","","","","","","","",""
"practice_instructions","6355","","instructions","4","2.1.0","694904","247662","self_explanation","","[{""page_index"":0,""viewing_time"":2875},{""page_index"":1,""viewing_time"":3480}]","","","","","","","","","","",""
"preload_pdf","","","preload","5","2.0.0","694906","247662","self_explanation","","","","","","1.pdf","true","false","[]","[]","[]","",""
"enter_fullscreen","1870","","fullscreen","6","2.1.0","697786","247662","self_explanation","","","","","","","true","","","","","",""
"pdf_display","384599"," ","html-keyboard-response","7","2.0.0","1082403","247662","self_explanation","
        <div id=""pdf-display-container"" style=""text-align: center;"">
            <h3>Educational Materials</h3>
            <p style=""color: #2196F3; font-weight: bold;"">Remember: As you read, please provide self-explanations about what you are learning.</p>
            <div class=""pdf-controls"">
                <button onclick=""zoomPDF('pdf-display', -25)"">Zoom Out (-)</button>
                <button onclick=""zoomPDF('pdf-display', 25)"">Zoom In (+)</button>
                <button onclick=""resetZoomPDF('pdf-display')"">Reset Zoom</button>
                <span class=""zoom-level"" id=""zoom-pdf-display"">100%</span>
            </div>
            <div class=""pdf-wrapper"" id=""wrapper-pdf-display"">
                <iframe id=""pdf-display"" src=""1.pdf"" class=""pdf-container""></iframe>
            </div>
            <p style=""margin-top: 10px; font-size: 12px; color: #666;"">
                Use zoom controls above or browser zoom (Ctrl/Cmd + Mouse Wheel). Press spacebar when you have finished reading and are ready to continue.
            </p>
        </div>
    
      <p id=""timer-message"" style=""font-size:16px; color:#c00; margin-top:20px;"">
        Please read for <span id=""countdown""></span> seconds before continuing.
      </p>
  ","","","","","1.pdf","","","","","","",""
"exit_fullscreen","null","","fullscreen","8","2.1.0","1082405","247662","self_explanation","","","","","","","true","","","","","",""
"practice_instructions_questions","6198","","instructions","9","2.1.0","1088604","247662","self_explanation","","[{""page_index"":0,""viewing_time"":1868},{""page_index"":1,""viewing_time"":4330}]","","","","","","","","","","",""
"practice","184284","{""practice_q3_text"":""The answer is A because the more knowledgable and reasonable answer is to listen to the event policy which was established by a reliable and recognized research instutiton. Just as we discussed in the PDF, following the recommendation of multiple people is much better than following one indiviudals ideas. ""}","survey-text","10","2.1.0","1272926","247662","self_explanation","","","","","","","","","","","","practice_q3","text"
"practice","119708","{""practice_q1_text"":""The answer is D, I remember answering a similar question and reading that these two things can't lead to any of the conclusions that A, B, or C propose. ""}","survey-text","11","2.1.0","1392650","247662","self_explanation","","","","","","","","","","","","practice_q1","text"
"practice","186599","{""practice_q2_text"":""The answer is A, we can't make any conclusions about Juan based on his background or interest rather, the chances of him being an avowed dance enthusiast are still equal to anyone else's. This is 350/400, which is more than 85. I used what I learned in the PDF to come to this conclusion.""}","survey-text","12","2.1.0","1579267","247662","self_explanation","","","","","","","","","","","","practice_q2","text"
"posttest_instructions","8671","","instructions","13","2.1.0","1587941","247662","self_explanation","","[{""page_index"":0,""viewing_time"":2568},{""page_index"":1,""viewing_time"":6103}]","","","","","","","","","","",""
"","60226","{""q2_mc"":""Definitely give preference to graduates of Tilburg University.""}","survey-multi-choice","14","2.1.0","1648168","247662","self_explanation","","","[0]","","","","","","","","","q2","mc"
"","111376","{""q2_text"":""I was between A and B. I chose A because I remember a question very similar to this, but I'm not sure if it's correct since there was no research or expertise to support getting the same graduates. Rather, it was the same graduates for several years. Moreover, using the other graduates was a recommendation from one individual rather than using the method they have used for years.""}","survey-text","15","2.1.0","1759558","247662","self_explanation","","","","","","","","","","","","q2","text"
"","3997","{""q2_effort"":""Not a little nor a lot of effort""}","survey-multi-choice","16","2.1.0","1763558","247662","self_explanation","","","[0]","","","","","","","","","q2","effort"
"","25012","{""q1_mc"":""Some chickens are not birds.""}","survey-multi-choice","17","2.1.0","1788573","247662","self_explanation","","","[0]","","","","","","","","","q1","mc"
"","38407","{""q1_text"":""I picked C because if the statement says all birds can fly and chickens cannot fly, then it's logical that not all chickens are birds.""}","survey-text","18","2.1.0","1826990","247662","self_explanation","","","","","","","","","","","","q1","text"
"","3055","{""q1_effort"":""Little effort""}","survey-multi-choice","19","2.1.0","1830048","247662","self_explanation","","","[0]","","","","","","","","","q1","effort"
"","23226","{""q6_mc"":""Less than 10%""}","survey-multi-choice","20","2.1.0","1853275","247662","self_explanation","","","[0]","","","","","","","","","q6","mc"
"","58511","{""q6_text"":""I picked less than 10% because we don't want to make inferences on people just because of their environment or personality. Rather, everyone in the group had a 50/1000 chance that they shopped in high-end stores.""}","survey-text","21","2.1.0","1911805","247662","self_explanation","","","","","","","","","","","","q6","text"
"","2471","{""q6_effort"":""Very little effort""}","survey-multi-choice","22","2.1.0","1914278","247662","self_explanation","","","[0]","","","","","","","","","q6","effort"
"","113144","{""q8_mc"":""Within 5 years, the number of visitors will increase by 5%""}","survey-multi-choice","23","2.1.0","2027424","247662","self_explanation","","","[0]","","","","","","","","","q8","mc"
"","64720","{""q8_text"":""Honestly, I was unsure about this question. If they did follow the market research, I'm sure there was a gain in customers, but I'm not sure how much was that gain as it is not guaranteed. I used my educated guess and went with 5% increase over 5 years.""}","survey-text","24","2.1.0","2092159","247662","self_explanation","","","","","","","","","","","","q8","text"
"","3617","{""q8_effort"":""Quite a lot of effort""}","survey-multi-choice","25","2.1.0","2095779","247662","self_explanation","","","[0]","","","","","","","","","q8","effort"
"","65474","{""q3_mc"":""Some music events are big events.""}","survey-multi-choice","26","2.1.0","2161256","247662","self_explanation","","","[0]","","","","","","","","","q3","mc"
"","74151","{""q3_text"":""I picked B because if both are true it is likely that some big music events require a permit. I did consider C and D but I thought the best option was B""}","survey-text","27","2.1.0","2235419","247662","self_explanation","","","","","","","","","","","","q3","text"
"","5575","{""q3_effort"":""Quite a lot of effort""}","survey-multi-choice","28","2.1.0","2240998","247662","self_explanation","","","[0]","","","","","","","","","q3","effort"
"","26331","{""q4_mc"":""Hearts and 2""}","survey-multi-choice","29","2.1.0","2267330","247662","self_explanation","","","[0]","","","","","","","","","q4","mc"
"","36916","{""q4_text"":""I guessed that if you turned both then you would be able to tell if the rule is being followed or not. I'm not sure about this answer.""}","survey-text","30","2.1.0","2304260","247662","self_explanation","","","","","","","","","","","","q4","text"
"","3311","{""q4_effort"":""Quite a lot of effort""}","survey-multi-choice","31","2.1.0","2307574","247662","self_explanation","","","[0]","","","","","","","","","q4","effort"
"","98651","{""q5_mc"":""Jacques is a janitor""}","survey-multi-choice","32","2.1.0","2406228","247662","self_explanation","","","[0]","","","","","","","","","q5","mc"
"","70938","{""q5_text"":""The text said he was introverted, so I thought it was unlikely that he was a concierge or a member of the poetry class. Instead, I felt like it was more likely he was a janitor.""}","survey-text","33","2.1.0","2477180","247662","self_explanation","","","","","","","","","","","","q5","text"
"","8115","{""q5_effort"":""Little effort""}","survey-multi-choice","34","2.1.0","2485297","247662","self_explanation","","","[0]","","","","","","","","","q5","effort"
"","37403","{""q7_mc"":""Madrid and Ryanair""}","survey-multi-choice","35","2.1.0","2522703","247662","self_explanation","","","[0]","","","","","","","","","q7","mc"
"","19147","{""q7_text"":""Im not sure about this question but by flipping them both I think I would know if it followed the rule.""}","survey-text","36","2.1.0","2541859","247662","self_explanation","","","","","","","","","","","","q7","text"
"","2810","{""q7_effort"":""Not a little nor a lot of effort""}","survey-multi-choice","37","2.1.0","2544672","247662","self_explanation","","","[0]","","","","","","","","","q7","effort"
