"task","rt","response","trial_type","trial_index","plugin_version","time_elapsed","participant_id","condition","stimulus","view_history","question_order","attention_question_passed","attention_effort_passed","pdf_file","success","timeout","failed_images","failed_audio","failed_video","item","phase"
"sona_id_collection","34885","{""sona_id"":""11/23/2025 ; 2:00 PM""}","survey-text","0","2.1.0","34895","300701","no_self_explanation","","","","","","","","","","","","",""
"consent","54898","0","html-button-response","1","2.1.0","89794","300701","no_self_explanation","[""<div class=\""consent-box\"">\n                <h2>Informed Consent Form</h2>\n                <p><strong>Title of Research Study:</strong> Critical Thinking Skills Learning Study</p>\n                <p><strong>Purpose:</strong>You are being invited to participate in a research study titled “Reproducibility of Psychological Science and Instruction.” This study is being done by Dr. Bria Long from UC San Diego and associated graduate students in Experimental Methods course. You were selected to participate in this study because you are an adult in the U.S. and have been a represented population in previous psychology studies.</p>\n                <p><strong>Risks and Benefits:</strong> The purpose of this study is to better understand how well previously published studies in the psychological field replicate online and with different populations. Your participation in this research should last approximately 5-30 minutes  If you agree to take part in this study, you may be asked to view a set of stimuli, including pictures, sounds, written text, or videos and then giving some responses via key-presses, verbally, or with paper-and-pencil. We may also observe your choices or preferences among an array of stimuli.  These stimuli will be taken directly from or closely adapted from studies that already exist in the published psychological literature. Stimuli will include, e.g., pictures of objects and human faces, audio and video clips, short text passages, etc. None of the stimuli will be disturbing, threatening, or offensive. The online and in-person experiments described in this protocol will take no more than 30 minutes. An example game you might play would be to click on an image on the screen that matches a word you hear being said out loud. Your total expected time commitment for this study is between 5-30 minutes, and is specified in the study description.</p>\n                <p><strong>Confidentiality:</strong> Your responses will be kept confidential and anonymous. Data will be stored securely and used only for research purposes.</p>\n                <p><strong>Voluntary Participation:</strong> We will not be asking for any personally identifying information, and we will handle responses as confidentially as possible. Your SONA IDs will never be tied to your responses on this survey. However, we cannot guarantee the confidentiality of information transmitted over the Internet. To minimize this risk, data containing anything that might be personally identifiable (e.g. SONA IDs or IP addresses) will be encrypted on transfer and storage and will only be accessible to qualified lab personnel. We will be keeping data collected as part of this experiment indefinitely. This anonymized data (containing neither Prolific IDs nor IP addresses) may be shared with the scientific community or with other participants to be used as stimuli in future studies.</p>\n                <p><strong>Contact Information:</strong> If you have questions about this project or if you have a research-related problem, you may contact the researcher(s),  Dr. Bria Long, brlong@ucsd.edu. If you have any questions concerning your rights as a research subject, you may contact the UC San Diego Office of IRB Administration at irb@ucsd.edu or 858-246-4777.</p>\n                <p><strong>By clicking \""I Agree\"" below, you indicate that:</strong></p>\n                <ul>\n                    <li>You have read and understood the information above</li>\n                    <li>You voluntarily agree to participate</li>\n                    <li>You are at least 18 years old</li>\n                </ul>\n            </div>""]","","","","","","","","","","","",""
"pretest_instructions","2686","","instructions","2","2.1.0","92481","300701","no_self_explanation","","[{""page_index"":0,""viewing_time"":2686}]","","","","","","","","","","",""
"pretest","336280","{""Q0"":""Some rocks can be eaten"",""Q1"":""Very little effort"",""Q2"":""X and 7"",""Q3"":""Little effort"",""Q4"":""Maybe they would be better off buying the BMW"",""Q5"":""Little effort"",""Q6"":""Some roses are living things"",""Q7"":""Not a little nor a lot of effort"",""Q8"":""Karin works at a bank and is active in the environmental movement and for a local political party"",""Q9"":""Not a little nor a lot of effort"",""Q10"":""Less than 3%"",""Q11"":""Very little effort"",""Q12"":""18 and beer"",""Q13"":""Very little effort"",""Q14"":""The students score at least 0.1 point higher on the exam"",""Q15"":""Not a little nor a lot of effort"",""attention_check_pretest_question"":""X and 2"",""attention_check_pretest_effort"":""Quite a lot of effort""}","survey-multi-choice","3","2.1.0","428847","300701","no_self_explanation","","","[0,1,2,3,4,5,6,7,8,9,10,11,12,13,14,15,16,17]","true","true","","","","","","","",""
"practice_instructions","5283","","instructions","4","2.1.0","434132","300701","no_self_explanation","","[{""page_index"":0,""viewing_time"":2043},{""page_index"":1,""viewing_time"":3240}]","","","","","","","","","","",""
"preload_pdf","","","preload","5","2.0.0","434133","300701","no_self_explanation","","","","","","2.pdf","true","false","[]","[]","[]","",""
"enter_fullscreen","3478","","fullscreen","6","2.1.0","438614","300701","no_self_explanation","","","","","","","true","","","","","",""
"pdf_display","241943"," ","html-keyboard-response","7","2.0.0","680561","300701","no_self_explanation","
        <div id=""pdf-display-container"" style=""text-align: center;"">
            <h3>Educational Materials</h3>
            
            <div class=""pdf-controls"">
                <button onclick=""zoomPDF('pdf-display', -25)"">Zoom Out (-)</button>
                <button onclick=""zoomPDF('pdf-display', 25)"">Zoom In (+)</button>
                <button onclick=""resetZoomPDF('pdf-display')"">Reset Zoom</button>
                <span class=""zoom-level"" id=""zoom-pdf-display"">100%</span>
            </div>
            <div class=""pdf-wrapper"" id=""wrapper-pdf-display"">
                <iframe id=""pdf-display"" src=""2.pdf"" class=""pdf-container""></iframe>
            </div>
            <p style=""margin-top: 10px; font-size: 12px; color: #666;"">
                Use zoom controls above or browser zoom (Ctrl/Cmd + Mouse Wheel). Press spacebar when you have finished reading and are ready to continue.
            </p>
        </div>
    
      <p id=""timer-message"" style=""font-size:16px; color:#c00; margin-top:20px;"">
        Please read for <span id=""countdown""></span> seconds before continuing.
      </p>
  ","","","","","2.pdf","","","","","","",""
"exit_fullscreen","null","","fullscreen","8","2.1.0","680564","300701","no_self_explanation","","","","","","","true","","","","","",""
"posttest_instructions","5079","","instructions","9","2.1.0","685643","300701","no_self_explanation","","[{""page_index"":0,""viewing_time"":1406},{""page_index"":1,""viewing_time"":3672}]","","","","","","","","","","",""
"","22096","{""q4_mc"":""Hearts and 2""}","survey-multi-choice","10","2.1.0","707741","300701","no_self_explanation","","","[0]","","","","","","","","","q4","mc"
"","37172","{""q4_text"":""If the rule is only dependent on there being both a heart and 2 then you would only need to check if a block that already has one of those, has the other option on the back.""}","survey-text","11","2.1.0","744921","300701","no_self_explanation","","","","","","","","","","","","q4","text"
"","2316","{""q4_effort"":""Little effort""}","survey-multi-choice","12","2.1.0","747239","300701","no_self_explanation","","","[0]","","","","","","","","","q4","effort"
"","55118","{""q7_mc"":""Barcelona and Transavia""}","survey-multi-choice","13","2.1.0","802360","300701","no_self_explanation","","","[0]","","","","","","","","","q7","mc"
"","25075","{""q7_text"":""If we are looking what is violated, then why wouldn't we just choose the blocks that already don't have either RyanAir or the other correct optioin.""}","survey-text","14","2.1.0","827438","300701","no_self_explanation","","","","","","","","","","","","q7","text"
"","2748","{""q7_effort"":""Quite a lot of effort""}","survey-multi-choice","15","2.1.0","830187","300701","no_self_explanation","","","[0]","","","","","","","","","q7","effort"
"","31831","{""q6_mc"":""Less than 10%""}","survey-multi-choice","16","2.1.0","862021","300701","no_self_explanation","","","[0]","","","","","","","","","q6","mc"
"","39197","{""q6_text"":""Her status does not matter as the participants are randomly selected meaning if she were to be richest person on the planet, she could still be part of the 950 people who don't shop at high-end stores.""}","survey-text","17","2.1.0","901221","300701","no_self_explanation","","","","","","","","","","","","q6","text"
"","1965","{""q6_effort"":""Not a little nor a lot of effort""}","survey-multi-choice","18","2.1.0","903188","300701","no_self_explanation","","","[0]","","","","","","","","","q6","effort"
"","17880","{""q1_mc"":""No correct conclusion possible.""}","survey-multi-choice","19","2.1.0","921071","300701","no_self_explanation","","","[0]","","","","","","","","","q1","mc"
"","25430","{""q1_text"":""The statement saying all birds can fly never mentions a chicken, so we are not able to make any conclusions on what chickens can do based off the given information.""}","survey-text","20","2.1.0","946504","300701","no_self_explanation","","","","","","","","","","","","q1","text"
"","2297","{""q1_effort"":""Quite a lot of effort""}","survey-multi-choice","21","2.1.0","948803","300701","no_self_explanation","","","[0]","","","","","","","","","q1","effort"
"","108682","{""q2_mc"":""Definitely give preference to graduates of Tilburg University.""}","survey-multi-choice","22","2.1.0","1057487","300701","no_self_explanation","","","[0]","","","","","","","","","q2","mc"
"","60795","{""q2_text"":""Just because there is one good person from the HR manager's university, it does not guarantee all graduates from that school will be of the same level of efficiency. They should just stick with what has been working for them.""}","survey-text","23","2.1.0","1118285","300701","no_self_explanation","","","","","","","","","","","","q2","text"
"","2082","{""q2_effort"":""A lot of effort""}","survey-multi-choice","24","2.1.0","1120368","300701","no_self_explanation","","","[0]","","","","","","","","","q2","effort"
"","33881","{""q3_mc"":""No correct conclusion possible.""}","survey-multi-choice","25","2.1.0","1154252","300701","no_self_explanation","","","[0]","","","","","","","","","q3","mc"
"","37930","{""q3_text"":""All major events may or may not include music events so it is not accurate to hypothesize all music events require permits because major events do.""}","survey-text","26","2.1.0","1192186","300701","no_self_explanation","","","","","","","","","","","","q3","text"
"","1481","{""q3_effort"":""Quite a lot of effort""}","survey-multi-choice","27","2.1.0","1193668","300701","no_self_explanation","","","[0]","","","","","","","","","q3","effort"
"","73331","{""q8_mc"":""Within 5 years, the number of visitors will increase by 2%""}","survey-multi-choice","28","2.1.0","1267002","300701","no_self_explanation","","","[0]","","","","","","","","","q8","mc"
"","56513","{""q8_text"":""It is unlikely for the person to have wished for a 5% increase and have gotten his wish fulfilled. Instead having a lower, reasonable amount, like 2% makes sense as the new features are bound to attract some people but can not guarantee a large amount.""}","survey-text","29","2.1.0","1323518","300701","no_self_explanation","","","","","","","","","","","","q8","text"
"","2149","{""q8_effort"":""Quite a lot of effort""}","survey-multi-choice","30","2.1.0","1325668","300701","no_self_explanation","","","[0]","","","","","","","","","q8","effort"
"","47133","{""q5_mc"":""Jacques is a caretaker and is a member of the Tai Chi Association Netherlands""}","survey-multi-choice","31","2.1.0","1372804","300701","no_self_explanation","","","[0]","","","","","","","","","q5","mc"
"","36779","{""q5_text"":""I'm not sure how he would be a caretaker, but it would make sense for him to be a part of some sort of Tai Chi organization, and we cannot assume he is in a Dutch Tai Chi organization simply due to the fact he speaks French.""}","survey-text","32","2.1.0","1409585","300701","no_self_explanation","","","","","","","","","","","","q5","text"
"","3598","{""q5_effort"":""A lot of effort""}","survey-multi-choice","33","2.1.0","1413185","300701","no_self_explanation","","","[0]","","","","","","","","","q5","effort"
