"task","rt","response","trial_type","trial_index","plugin_version","time_elapsed","participant_id","condition","stimulus","view_history","question_order","attention_question_passed","attention_effort_passed","pdf_file","success","timeout","failed_images","failed_audio","failed_video","item","phase"
"sona_id_collection","63803","{""sona_id"":""11/23/2025; 4:30 PM""}","survey-text","0","2.1.0","63833","860178","no_self_explanation","","","","","","","","","","","","",""
"consent","141031","0","html-button-response","1","2.1.0","204859","860178","no_self_explanation","[""<div class=\""consent-box\"">\n                <h2>Informed Consent Form</h2>\n                <p><strong>Title of Research Study:</strong> Critical Thinking Skills Learning Study</p>\n                <p><strong>Purpose:</strong>You are being invited to participate in a research study titled “Reproducibility of Psychological Science and Instruction.” This study is being done by Dr. Bria Long from UC San Diego and associated graduate students in Experimental Methods course. You were selected to participate in this study because you are an adult in the U.S. and have been a represented population in previous psychology studies.</p>\n                <p><strong>Risks and Benefits:</strong> The purpose of this study is to better understand how well previously published studies in the psychological field replicate online and with different populations. Your participation in this research should last approximately 5-30 minutes  If you agree to take part in this study, you may be asked to view a set of stimuli, including pictures, sounds, written text, or videos and then giving some responses via key-presses, verbally, or with paper-and-pencil. We may also observe your choices or preferences among an array of stimuli.  These stimuli will be taken directly from or closely adapted from studies that already exist in the published psychological literature. Stimuli will include, e.g., pictures of objects and human faces, audio and video clips, short text passages, etc. None of the stimuli will be disturbing, threatening, or offensive. The online and in-person experiments described in this protocol will take no more than 30 minutes. An example game you might play would be to click on an image on the screen that matches a word you hear being said out loud. Your total expected time commitment for this study is between 5-30 minutes, and is specified in the study description.</p>\n                <p><strong>Confidentiality:</strong> Your responses will be kept confidential and anonymous. Data will be stored securely and used only for research purposes.</p>\n                <p><strong>Voluntary Participation:</strong> We will not be asking for any personally identifying information, and we will handle responses as confidentially as possible. Your SONA IDs will never be tied to your responses on this survey. However, we cannot guarantee the confidentiality of information transmitted over the Internet. To minimize this risk, data containing anything that might be personally identifiable (e.g. SONA IDs or IP addresses) will be encrypted on transfer and storage and will only be accessible to qualified lab personnel. We will be keeping data collected as part of this experiment indefinitely. This anonymized data (containing neither Prolific IDs nor IP addresses) may be shared with the scientific community or with other participants to be used as stimuli in future studies.</p>\n                <p><strong>Contact Information:</strong> If you have questions about this project or if you have a research-related problem, you may contact the researcher(s),  Dr. Bria Long, brlong@ucsd.edu. If you have any questions concerning your rights as a research subject, you may contact the UC San Diego Office of IRB Administration at irb@ucsd.edu or 858-246-4777.</p>\n                <p><strong>By clicking \""I Agree\"" below, you indicate that:</strong></p>\n                <ul>\n                    <li>You have read and understood the information above</li>\n                    <li>You voluntarily agree to participate</li>\n                    <li>You are at least 18 years old</li>\n                </ul>\n            </div>""]","","","","","","","","","","","",""
"pretest_instructions","9840","","instructions","2","2.1.0","214701","860178","no_self_explanation","","[{""page_index"":0,""viewing_time"":9840}]","","","","","","","","","","",""
"pretest","535797","{""Q0"":""Some rocks can be eaten"",""Q1"":""Very little effort"",""Q2"":""Y and 2"",""Q3"":""Little effort"",""Q4"":""They would definitely be better off buying the Audi"",""Q5"":""Not a little nor a lot of effort"",""Q6"":""All roses are living things"",""Q7"":""Very little effort"",""Q8"":""Karin works at a bank and is active in the environmental movement."",""Q9"":""Not a little nor a lot of effort"",""Q10"":""Less than 3%"",""Q11"":""Quite a lot of effort"",""Q12"":""18 and cola"",""Q13"":""Not a little nor a lot of effort"",""Q14"":""The students score at least 0.7 points higher on the exam"",""Q15"":""Little effort"",""attention_check_pretest_question"":""X and 2"",""attention_check_pretest_effort"":""Quite a lot of effort""}","survey-multi-choice","3","2.1.0","32702584","860178","no_self_explanation","","","[0,1,2,3,4,5,6,7,8,9,10,11,12,13,14,15,16,17]","true","true","","","","","","","",""
"practice_instructions","19143","","instructions","4","2.1.0","32721730","860178","no_self_explanation","","[{""page_index"":0,""viewing_time"":2373},{""page_index"":1,""viewing_time"":16770}]","","","","","","","","","","",""
"preload_pdf","","","preload","5","2.0.0","32721732","860178","no_self_explanation","","","","","","2.pdf","true","false","[]","[]","[]","",""
"enter_fullscreen","4680","","fullscreen","6","2.1.0","32727420","860178","no_self_explanation","","","","","","","true","","","","","",""
"pdf_display","634470"," ","html-keyboard-response","7","2.0.0","33361928","860178","no_self_explanation","
        <div id=""pdf-display-container"" style=""text-align: center;"">
            <h3>Educational Materials</h3>
            
            <div class=""pdf-controls"">
                <button onclick=""zoomPDF('pdf-display', -25)"">Zoom Out (-)</button>
                <button onclick=""zoomPDF('pdf-display', 25)"">Zoom In (+)</button>
                <button onclick=""resetZoomPDF('pdf-display')"">Reset Zoom</button>
                <span class=""zoom-level"" id=""zoom-pdf-display"">100%</span>
            </div>
            <div class=""pdf-wrapper"" id=""wrapper-pdf-display"">
                <iframe id=""pdf-display"" src=""2.pdf"" class=""pdf-container""></iframe>
            </div>
            <p style=""margin-top: 10px; font-size: 12px; color: #666;"">
                Use zoom controls above or browser zoom (Ctrl/Cmd + Mouse Wheel). Press spacebar when you have finished reading and are ready to continue.
            </p>
        </div>
    
      <p id=""timer-message"" style=""font-size:16px; color:#c00; margin-top:20px;"">
        Please read for <span id=""countdown""></span> seconds before continuing.
      </p>
  ","","","","","2.pdf","","","","","","",""
"exit_fullscreen","null","","fullscreen","8","2.1.0","33361932","860178","no_self_explanation","","","","","","","true","","","","","",""
"posttest_instructions","25730","","instructions","9","2.1.0","33387662","860178","no_self_explanation","","[{""page_index"":0,""viewing_time"":2113},{""page_index"":1,""viewing_time"":23616}]","","","","","","","","","","",""
"","39908","{""q5_mc"":""Jacques is a caretaker, is a member of the Dutch Tai Chi Association and organizes the annual Night of Poetry""}","survey-multi-choice","10","2.1.0","33427571","860178","no_self_explanation","","","[0]","","","","","","","","","q5","mc"
"","77200","{""q5_text"":""He enjoys Tai Chi and the pastries, so it make sense that he would be a part of the Tai Chi association and plan the annual dinner. ""}","survey-text","11","2.1.0","33504802","860178","no_self_explanation","","","","","","","","","","","","q5","text"
"","8148","{""q5_effort"":""Quite a lot of effort""}","survey-multi-choice","12","2.1.0","33512951","860178","no_self_explanation","","","[0]","","","","","","","","","q5","effort"
"","18473","{""q4_mc"":""Hearts and 9""}","survey-multi-choice","13","2.1.0","33531425","860178","no_self_explanation","","","[0]","","","","","","","","","q4","mc"
"","55028","{""q4_text"":""If a block shows a heart, I would choose to turn it over to see if it has a two on the other side(following the rules). I would then turn the block with a nine to see if it correctly meets that other condition also. ""}","survey-text","14","2.1.0","33586454","860178","no_self_explanation","","","","","","","","","","","","q4","text"
"","2280","{""q4_effort"":""Little effort""}","survey-multi-choice","15","2.1.0","33588735","860178","no_self_explanation","","","[0]","","","","","","","","","q4","effort"
"","111786","{""q8_mc"":""Within 5 years, the number of visitors will increase by 5%""}","survey-multi-choice","16","2.1.0","33700519","860178","no_self_explanation","","","[0]","","","","","","","","","q8","mc"
"","24954","{""q8_text"":""I choose this answer because the goal is to increase it by 5%. ""}","survey-text","17","2.1.0","33725475","860178","no_self_explanation","","","","","","","","","","","","q8","text"
"","4241","{""q8_effort"":""Not a little nor a lot of effort""}","survey-multi-choice","18","2.1.0","33729717","860178","no_self_explanation","","","[0]","","","","","","","","","q8","effort"
"","112281","{""q2_mc"":""Perhaps give preference to graduates of Tilburg University.""}","survey-multi-choice","19","2.1.0","33841996","860178","no_self_explanation","","","[0]","","","","","","","","","q2","mc"
"","57785","{""q2_text"":""The experience with the Avans University graduate should not override the positive experience with the other law students from the other University that has gone strong for 15 years. ""}","survey-text","20","2.1.0","33899782","860178","no_self_explanation","","","","","","","","","","","","q2","text"
"","3896","{""q2_effort"":""Little effort""}","survey-multi-choice","21","2.1.0","33903679","860178","no_self_explanation","","","[0]","","","","","","","","","q2","effort"
"","190537","{""q3_mc"":""Some music events are big events.""}","survey-multi-choice","22","2.1.0","34094251","860178","no_self_explanation","","","[0]","","","","","","","","","q3","mc"
"","239140","{""q3_text"":""I actually think there might've not been a correct answer. If some music events need a permit it doesn't exactly mean it is a \""big event,\"" it could be, but it could require a permit for some completely separate reason. ""}","survey-text","23","2.1.0","34333399","860178","no_self_explanation","","","","","","","","","","","","q3","text"
"","4000","{""q3_effort"":""Quite a lot of effort""}","survey-multi-choice","24","2.1.0","34337400","860178","no_self_explanation","","","[0]","","","","","","","","","q3","effort"
"","44153","{""q6_mc"":""Less than 10%""}","survey-multi-choice","25","2.1.0","34381553","860178","no_self_explanation","","","[0]","","","","","","","","","q6","mc"
"","67661","{""q6_text"":""Her description leads me to believe she may have the means to purchase from higher-end stores which would make her part of the 50 out of 1,000.""}","survey-text","26","2.1.0","34449215","860178","no_self_explanation","","","","","","","","","","","","q6","text"
"","2278","{""q6_effort"":""Little effort""}","survey-multi-choice","27","2.1.0","34451493","860178","no_self_explanation","","","[0]","","","","","","","","","q6","effort"
"","117897","{""q1_mc"":""No correct conclusion possible.""}","survey-multi-choice","28","2.1.0","34569389","860178","no_self_explanation","","","[0]","","","","","","","","","q1","mc"
"","86848","{""q1_text"":""I think that I know chickens are birds so I might've been inclined to choose something that would approve of the fact that because chickens cannot fly, they aren't birds or something of that nature and I am not sure any conclusion should be made just from these two statements. ""}","survey-text","29","2.1.0","34656237","860178","no_self_explanation","","","","","","","","","","","","q1","text"
"","4052","{""q1_effort"":""Not a little nor a lot of effort""}","survey-multi-choice","30","2.1.0","34660290","860178","no_self_explanation","","","[0]","","","","","","","","","q1","effort"
"","35004","{""q7_mc"":""Madrid and Ryanair""}","survey-multi-choice","31","2.1.0","34695295","860178","no_self_explanation","","","[0]","","","","","","","","","q7","mc"
"","39501","{""q7_text"":""I would turn over Madrid to see if the other side has Ryanair and turn over Ryanair to see if Madrid is on the other side, this would ensure the rule is being followed. ""}","survey-text","32","2.1.0","34734797","860178","no_self_explanation","","","","","","","","","","","","q7","text"
"","2367","{""q7_effort"":""Little effort""}","survey-multi-choice","33","2.1.0","34737165","860178","no_self_explanation","","","[0]","","","","","","","","","q7","effort"
