"task","rt","response","trial_type","trial_index","plugin_version","time_elapsed","participant_id","condition","stimulus","view_history","question_order","attention_question_passed","attention_effort_passed","pdf_file","success","timeout","failed_images","failed_audio","failed_video","item","phase"
"sona_id_collection","22491","{""sona_id"":""11/22/2025 , 2:30 PM""}","survey-text","0","2.1.0","22539","309764","no_self_explanation","","","","","","","","","","","","",""
"consent","2980","0","html-button-response","1","2.1.0","25524","309764","no_self_explanation","[""<div class=\""consent-box\"">\n                <h2>Informed Consent Form</h2>\n                <p><strong>Title of Research Study:</strong> Critical Thinking Skills Learning Study</p>\n                <p><strong>Purpose:</strong>You are being invited to participate in a research study titled “Reproducibility of Psychological Science and Instruction.” This study is being done by Dr. Bria Long from UC San Diego and associated graduate students in Experimental Methods course. You were selected to participate in this study because you are an adult in the U.S. and have been a represented population in previous psychology studies.</p>\n                <p><strong>Risks and Benefits:</strong> The purpose of this study is to better understand how well previously published studies in the psychological field replicate online and with different populations. Your participation in this research should last approximately 5-30 minutes  If you agree to take part in this study, you may be asked to view a set of stimuli, including pictures, sounds, written text, or videos and then giving some responses via key-presses, verbally, or with paper-and-pencil. We may also observe your choices or preferences among an array of stimuli.  These stimuli will be taken directly from or closely adapted from studies that already exist in the published psychological literature. Stimuli will include, e.g., pictures of objects and human faces, audio and video clips, short text passages, etc. None of the stimuli will be disturbing, threatening, or offensive. The online and in-person experiments described in this protocol will take no more than 30 minutes. An example game you might play would be to click on an image on the screen that matches a word you hear being said out loud. Your total expected time commitment for this study is between 5-30 minutes, and is specified in the study description.</p>\n                <p><strong>Confidentiality:</strong> Your responses will be kept confidential and anonymous. Data will be stored securely and used only for research purposes.</p>\n                <p><strong>Voluntary Participation:</strong> We will not be asking for any personally identifying information, and we will handle responses as confidentially as possible. Your SONA IDs will never be tied to your responses on this survey. However, we cannot guarantee the confidentiality of information transmitted over the Internet. To minimize this risk, data containing anything that might be personally identifiable (e.g. SONA IDs or IP addresses) will be encrypted on transfer and storage and will only be accessible to qualified lab personnel. We will be keeping data collected as part of this experiment indefinitely. This anonymized data (containing neither Prolific IDs nor IP addresses) may be shared with the scientific community or with other participants to be used as stimuli in future studies.</p>\n                <p><strong>Contact Information:</strong> If you have questions about this project or if you have a research-related problem, you may contact the researcher(s),  Dr. Bria Long, brlong@ucsd.edu. If you have any questions concerning your rights as a research subject, you may contact the UC San Diego Office of IRB Administration at irb@ucsd.edu or 858-246-4777.</p>\n                <p><strong>By clicking \""I Agree\"" below, you indicate that:</strong></p>\n                <ul>\n                    <li>You have read and understood the information above</li>\n                    <li>You voluntarily agree to participate</li>\n                    <li>You are at least 18 years old</li>\n                </ul>\n            </div>""]","","","","","","","","","","","",""
"pretest_instructions","1681","","instructions","2","2.1.0","27207","309764","no_self_explanation","","[{""page_index"":0,""viewing_time"":1680}]","","","","","","","","","","",""
"pretest","233154","{""Q0"":""Some rocks can be eaten"",""Q1"":""Very little effort"",""Q2"":""Y and 7"",""Q3"":""Little effort"",""Q4"":""They would definitely be better off buying the BMW"",""Q5"":""Not a little nor a lot of effort"",""Q6"":""All roses are living things"",""Q7"":""Little effort"",""Q8"":""Karin works at a bank and is active in the environmental movement."",""Q9"":""Little effort"",""Q10"":""Less than 3%"",""Q11"":""Very little effort"",""Q12"":""15 and beer"",""Q13"":""Little effort"",""Q14"":""The students score at least 0.3 points higher on the exam"",""Q15"":""Very little effort"",""attention_check_pretest_question"":""X and 2"",""attention_check_pretest_effort"":""Very little effort""}","survey-multi-choice","3","2.1.0","260371","309764","no_self_explanation","","","[0,1,2,3,4,5,6,7,8,9,10,11,12,13,14,15,16,17]","true","false","","","","","","","",""
"practice_instructions","5947","","instructions","4","2.1.0","266321","309764","no_self_explanation","","[{""page_index"":0,""viewing_time"":2457},{""page_index"":1,""viewing_time"":3490}]","","","","","","","","","","",""
"preload_pdf","","","preload","5","2.0.0","266322","309764","no_self_explanation","","","","","","2.pdf","true","false","[]","[]","[]","",""
"enter_fullscreen","242012","","fullscreen","6","2.1.0","509352","309764","no_self_explanation","","","","","","","true","","","","","",""
"pdf_display","1777711"," ","html-keyboard-response","7","2.0.0","2287073","309764","no_self_explanation","
        <div id=""pdf-display-container"" style=""text-align: center;"">
            <h3>Educational Materials</h3>
            
            <div class=""pdf-controls"">
                <button onclick=""zoomPDF('pdf-display', -25)"">Zoom Out (-)</button>
                <button onclick=""zoomPDF('pdf-display', 25)"">Zoom In (+)</button>
                <button onclick=""resetZoomPDF('pdf-display')"">Reset Zoom</button>
                <span class=""zoom-level"" id=""zoom-pdf-display"">100%</span>
            </div>
            <div class=""pdf-wrapper"" id=""wrapper-pdf-display"">
                <iframe id=""pdf-display"" src=""2.pdf"" class=""pdf-container""></iframe>
            </div>
            <p style=""margin-top: 10px; font-size: 12px; color: #666;"">
                Use zoom controls above or browser zoom (Ctrl/Cmd + Mouse Wheel). Press spacebar when you have finished reading and are ready to continue.
            </p>
        </div>
    
      <p id=""timer-message"" style=""font-size:16px; color:#c00; margin-top:20px;"">
        Please read for <span id=""countdown""></span> seconds before continuing.
      </p>
  ","","","","","2.pdf","","","","","","",""
"exit_fullscreen","null","","fullscreen","8","2.1.0","2287079","309764","no_self_explanation","","","","","","","true","","","","","",""
"posttest_instructions","4366","","instructions","9","2.1.0","2291446","309764","no_self_explanation","","[{""page_index"":0,""viewing_time"":2402},{""page_index"":1,""viewing_time"":1965}]","","","","","","","","","","",""
"","33166","{""q3_mc"":""Some music events are big events.""}","survey-multi-choice","10","2.1.0","2324616","309764","no_self_explanation","","","[0]","","","","","","","","","q3","mc"
"","32469","{""q3_text"":""If all major events require a permit and a music event requires a permit, then some music events are big""}","survey-text","11","2.1.0","2357105","309764","no_self_explanation","","","","","","","","","","","","q3","text"
"","2779","{""q3_effort"":""Very little effort""}","survey-multi-choice","12","2.1.0","2359886","309764","no_self_explanation","","","[0]","","","","","","","","","q3","effort"
"","144150","{""q8_mc"":""Within 5 years, the number of visitors will increase by 7%""}","survey-multi-choice","13","2.1.0","2504038","309764","no_self_explanation","","","[0]","","","","","","","","","q8","mc"
"","60219","{""q8_text"":""They are improving the quality and consumer experience, therefore the percent will likely be higher than 5%, such as 7% or maybe 10% too.""}","survey-text","14","2.1.0","2564261","309764","no_self_explanation","","","","","","","","","","","","q8","text"
"","2425","{""q8_effort"":""Little effort""}","survey-multi-choice","15","2.1.0","2566688","309764","no_self_explanation","","","[0]","","","","","","","","","q8","effort"
"","238333","{""q7_mc"":""Madrid and Transavia""}","survey-multi-choice","16","2.1.0","2805024","309764","no_self_explanation","","","[0]","","","","","","","","","q7","mc"
"","110138","{""q7_text"":""If Madrid is the destination and the flight is operated by Ryanair then I must check Madrid and Transavia to see if the rule was actually applied. Because if it works, then it must be Madrid and Ryanair, not Madrid and Transavia.""}","survey-text","17","2.1.0","2915165","309764","no_self_explanation","","","","","","","","","","","","q7","text"
"","2194","{""q7_effort"":""Very little effort""}","survey-multi-choice","18","2.1.0","2917361","309764","no_self_explanation","","","[0]","","","","","","","","","q7","effort"
"","135851","{""q6_mc"":""Less than 10%""}","survey-multi-choice","19","2.1.0","3053215","309764","no_self_explanation","","","[0]","","","","","","","","","q6","mc"
"","99129","{""q6_text"":""If only 50 participants buy clothes from high-end places, and the girl is wealthy, then she must be one of the 50. Therefore, the answer is a small percentage.""}","survey-text","20","2.1.0","3152348","309764","no_self_explanation","","","","","","","","","","","","q6","text"
"","3372","{""q6_effort"":""Little effort""}","survey-multi-choice","21","2.1.0","3155723","309764","no_self_explanation","","","[0]","","","","","","","","","q6","effort"
"","226364","{""q4_mc"":""Hearts and 9""}","survey-multi-choice","22","2.1.0","3382088","309764","no_self_explanation","","","[0]","","","","","","","","","q4","mc"
"","77879","{""q4_text"":""If there's a heart on one side, there must be a 2 on the other side. So, if you check that there's a heart on one side and then 9 on the other, then you know that the rule is broken,""}","survey-text","23","2.1.0","3459971","309764","no_self_explanation","","","","","","","","","","","","q4","text"
"","2384","{""q4_effort"":""Very little effort""}","survey-multi-choice","24","2.1.0","3462357","309764","no_self_explanation","","","[0]","","","","","","","","","q4","effort"
"","158516","{""q2_mc"":""Perhaps give preference to graduates of Avans University of Applied Sciences.""}","survey-multi-choice","25","2.1.0","3620875","309764","no_self_explanation","","","[0]","","","","","","","","","q2","mc"
"","32080","{""q2_text"":""He should give them a preference since he had a good experience with them over the years.""}","survey-text","26","2.1.0","3652958","309764","no_self_explanation","","","","","","","","","","","","q2","text"
"","2181","{""q2_effort"":""Little effort""}","survey-multi-choice","27","2.1.0","3655142","309764","no_self_explanation","","","[0]","","","","","","","","","q2","effort"
"","99949","{""q5_mc"":""Jacques is a concierge and organizes the annual Poetry Night""}","survey-multi-choice","28","2.1.0","3755094","309764","no_self_explanation","","","[0]","","","","","","","","","q5","mc"
"","60155","{""q5_text"":""Concierge fits his something he would do, based on his vibe and the fact that he is French. A concierge is very common in France.""}","survey-text","29","2.1.0","3815252","309764","no_self_explanation","","","","","","","","","","","","q5","text"
"","2012","{""q5_effort"":""Little effort""}","survey-multi-choice","30","2.1.0","3817267","309764","no_self_explanation","","","[0]","","","","","","","","","q5","effort"
"","77809","{""q1_mc"":""Some chickens are not birds.""}","survey-multi-choice","31","2.1.0","3895077","309764","no_self_explanation","","","[0]","","","","","","","","","q1","mc"
"","57422","{""q1_text"":""If all birds fly, but not all chickens fly then I can conclude that some chickens are not birds.""}","survey-text","32","2.1.0","3952502","309764","no_self_explanation","","","","","","","","","","","","q1","text"
"","2565","{""q1_effort"":""Very little effort""}","survey-multi-choice","33","2.1.0","3955069","309764","no_self_explanation","","","[0]","","","","","","","","","q1","effort"
