"task","rt","response","trial_type","trial_index","plugin_version","time_elapsed","participant_id","condition","stimulus","view_history","question_order","attention_question_passed","attention_effort_passed","pdf_file","success","timeout","failed_images","failed_audio","failed_video","item","phase"
"sona_id_collection","128045","{""sona_id"":""11/22/2025; 11:30 AM""}","survey-text","0","2.1.0","128056","112324","no_self_explanation","","","","","","","","","","","","",""
"consent","36580","0","html-button-response","1","2.1.0","164638","112324","no_self_explanation","[""<div class=\""consent-box\"">\n                <h2>Informed Consent Form</h2>\n                <p><strong>Title of Research Study:</strong> Critical Thinking Skills Learning Study</p>\n                <p><strong>Purpose:</strong>You are being invited to participate in a research study titled “Reproducibility of Psychological Science and Instruction.” This study is being done by Dr. Bria Long from UC San Diego and associated graduate students in Experimental Methods course. You were selected to participate in this study because you are an adult in the U.S. and have been a represented population in previous psychology studies.</p>\n                <p><strong>Risks and Benefits:</strong> The purpose of this study is to better understand how well previously published studies in the psychological field replicate online and with different populations. Your participation in this research should last approximately 5-30 minutes  If you agree to take part in this study, you may be asked to view a set of stimuli, including pictures, sounds, written text, or videos and then giving some responses via key-presses, verbally, or with paper-and-pencil. We may also observe your choices or preferences among an array of stimuli.  These stimuli will be taken directly from or closely adapted from studies that already exist in the published psychological literature. Stimuli will include, e.g., pictures of objects and human faces, audio and video clips, short text passages, etc. None of the stimuli will be disturbing, threatening, or offensive. The online and in-person experiments described in this protocol will take no more than 30 minutes. An example game you might play would be to click on an image on the screen that matches a word you hear being said out loud. Your total expected time commitment for this study is between 5-30 minutes, and is specified in the study description.</p>\n                <p><strong>Confidentiality:</strong> Your responses will be kept confidential and anonymous. Data will be stored securely and used only for research purposes.</p>\n                <p><strong>Voluntary Participation:</strong> We will not be asking for any personally identifying information, and we will handle responses as confidentially as possible. Your SONA IDs will never be tied to your responses on this survey. However, we cannot guarantee the confidentiality of information transmitted over the Internet. To minimize this risk, data containing anything that might be personally identifiable (e.g. SONA IDs or IP addresses) will be encrypted on transfer and storage and will only be accessible to qualified lab personnel. We will be keeping data collected as part of this experiment indefinitely. This anonymized data (containing neither Prolific IDs nor IP addresses) may be shared with the scientific community or with other participants to be used as stimuli in future studies.</p>\n                <p><strong>Contact Information:</strong> If you have questions about this project or if you have a research-related problem, you may contact the researcher(s),  Dr. Bria Long, brlong@ucsd.edu. If you have any questions concerning your rights as a research subject, you may contact the UC San Diego Office of IRB Administration at irb@ucsd.edu or 858-246-4777.</p>\n                <p><strong>By clicking \""I Agree\"" below, you indicate that:</strong></p>\n                <ul>\n                    <li>You have read and understood the information above</li>\n                    <li>You voluntarily agree to participate</li>\n                    <li>You are at least 18 years old</li>\n                </ul>\n            </div>""]","","","","","","","","","","","",""
"pretest_instructions","10299","","instructions","2","2.1.0","174938","112324","no_self_explanation","","[{""page_index"":0,""viewing_time"":10299}]","","","","","","","","","","",""
"pretest","603786","{""Q0"":""Some rocks can be eaten"",""Q1"":""Not a little nor a lot of effort"",""Q2"":""Y and 2"",""Q3"":""Little effort"",""Q4"":""They would definitely be better off buying the BMW"",""Q5"":""Little effort"",""Q6"":""All roses are living things"",""Q7"":""Little effort"",""Q8"":""Karin works at a bank and is active in the environmental movement."",""Q9"":""Not a little nor a lot of effort"",""Q10"":""30%"",""Q11"":""Not a little nor a lot of effort"",""Q12"":""18 and beer"",""Q13"":""Not a little nor a lot of effort"",""Q14"":""The students score at least 0.7 points higher on the exam"",""Q15"":""Not a little nor a lot of effort"",""attention_check_pretest_question"":""X and 2"",""attention_check_pretest_effort"":""Quite a lot of effort""}","survey-multi-choice","3","2.1.0","778713","112324","no_self_explanation","","","[0,1,2,3,4,5,6,7,8,9,10,11,12,13,14,15,16,17]","true","true","","","","","","","",""
"practice_instructions","6412","","instructions","4","2.1.0","785127","112324","no_self_explanation","","[{""page_index"":0,""viewing_time"":2212},{""page_index"":1,""viewing_time"":4200}]","","","","","","","","","","",""
"preload_pdf","","","preload","5","2.0.0","785129","112324","no_self_explanation","","","","","","2.pdf","true","false","[]","[]","[]","",""
"enter_fullscreen","3431","","fullscreen","6","2.1.0","789563","112324","no_self_explanation","","","","","","","true","","","","","",""
"pdf_display","145835"," ","html-keyboard-response","7","2.0.0","935399","112324","no_self_explanation","
        <div id=""pdf-display-container"" style=""text-align: center;"">
            <h3>Educational Materials</h3>
            
            <div class=""pdf-controls"">
                <button onclick=""zoomPDF('pdf-display', -25)"">Zoom Out (-)</button>
                <button onclick=""zoomPDF('pdf-display', 25)"">Zoom In (+)</button>
                <button onclick=""resetZoomPDF('pdf-display')"">Reset Zoom</button>
                <span class=""zoom-level"" id=""zoom-pdf-display"">100%</span>
            </div>
            <div class=""pdf-wrapper"" id=""wrapper-pdf-display"">
                <iframe id=""pdf-display"" src=""2.pdf"" class=""pdf-container""></iframe>
            </div>
            <p style=""margin-top: 10px; font-size: 12px; color: #666;"">
                Use zoom controls above or browser zoom (Ctrl/Cmd + Mouse Wheel). Press spacebar when you have finished reading and are ready to continue.
            </p>
        </div>
    
      <p id=""timer-message"" style=""font-size:16px; color:#c00; margin-top:20px;"">
        Please read for <span id=""countdown""></span> seconds before continuing.
      </p>
  ","","","","","2.pdf","","","","","","",""
"exit_fullscreen","null","","fullscreen","8","2.1.0","935401","112324","no_self_explanation","","","","","","","true","","","","","",""
"posttest_instructions","6889","","instructions","9","2.1.0","942291","112324","no_self_explanation","","[{""page_index"":0,""viewing_time"":3690},{""page_index"":1,""viewing_time"":3199}]","","","","","","","","","","",""
"","58331","{""q3_mc"":""Some music events are big events.""}","survey-multi-choice","10","2.1.0","1000623","112324","no_self_explanation","","","[0]","","","","","","","","","q3","mc"
"","59641","{""q3_text"":""The first part tell us that all major events require a permit, and given that some music events require a permit we can assume that those music events are big events. ""}","survey-text","11","2.1.0","1060272","112324","no_self_explanation","","","","","","","","","","","","q3","text"
"","3398","{""q3_effort"":""Not a little nor a lot of effort""}","survey-multi-choice","12","2.1.0","1063672","112324","no_self_explanation","","","[0]","","","","","","","","","q3","effort"
"","142315","{""q5_mc"":""Jacques is a janitor""}","survey-multi-choice","13","2.1.0","1205985","112324","no_self_explanation","","","[0]","","","","","","","","","q5","mc"
"","74618","{""q5_text"":""Jacques is introverted and can explore several interests. ""}","survey-text","14","2.1.0","1280602","112324","no_self_explanation","","","","","","","","","","","","q5","text"
"","3965","{""q5_effort"":""Quite a lot of effort""}","survey-multi-choice","15","2.1.0","1284569","112324","no_self_explanation","","","[0]","","","","","","","","","q5","effort"
"","90881","{""q6_mc"":""More than 75%""}","survey-multi-choice","16","2.1.0","1375449","112324","no_self_explanation","","","[0]","","","","","","","","","q6","mc"
"","57097","{""q6_text"":""It is more likely that she falls under the 95% who buy their clothes at the other store.""}","survey-text","17","2.1.0","1432548","112324","no_self_explanation","","","","","","","","","","","","q6","text"
"","2417","{""q6_effort"":""Quite a lot of effort""}","survey-multi-choice","18","2.1.0","1434966","112324","no_self_explanation","","","[0]","","","","","","","","","q6","effort"
"","218901","{""q4_mc"":""Hearts and 2""}","survey-multi-choice","19","2.1.0","1653863","112324","no_self_explanation","","","[0]","","","","","","","","","q4","mc"
"","26230","{""q4_text"":""To test this you would need to make sure it follow the requirements. ""}","survey-text","20","2.1.0","1680096","112324","no_self_explanation","","","","","","","","","","","","q4","text"
"","2280","{""q4_effort"":""Not a little nor a lot of effort""}","survey-multi-choice","21","2.1.0","1682378","112324","no_self_explanation","","","[0]","","","","","","","","","q4","effort"
"","17431","{""q7_mc"":""Madrid and Ryanair""}","survey-multi-choice","22","2.1.0","1699811","112324","no_self_explanation","","","[0]","","","","","","","","","q7","mc"
"","30530","{""q7_text"":""To make sure that the location and airline match you need to have both in the ticket. ""}","survey-text","23","2.1.0","1730344","112324","no_self_explanation","","","","","","","","","","","","q7","text"
"","2948","{""q7_effort"":""Not a little nor a lot of effort""}","survey-multi-choice","24","2.1.0","1733294","112324","no_self_explanation","","","[0]","","","","","","","","","q7","effort"
"","40932","{""q1_mc"":""Some chickens are not birds.""}","survey-multi-choice","25","2.1.0","1774227","112324","no_self_explanation","","","[0]","","","","","","","","","q1","mc"
"","37749","{""q1_text"":""If some chickens can't fly and all birds fly than not all chickens can be considered to be birds. ""}","survey-text","26","2.1.0","1811977","112324","no_self_explanation","","","","","","","","","","","","q1","text"
"","3147","{""q1_effort"":""Quite a lot of effort""}","survey-multi-choice","27","2.1.0","1815126","112324","no_self_explanation","","","[0]","","","","","","","","","q1","effort"
"","56231","{""q8_mc"":""Within 5 years, the number of visitors will increase by 10%""}","survey-multi-choice","28","2.1.0","1871357","112324","no_self_explanation","","","[0]","","","","","","","","","q8","mc"
"","49316","{""q8_text"":""If given double the amount of time the projected increase can also go up by 2 times.""}","survey-text","29","2.1.0","1920674","112324","no_self_explanation","","","","","","","","","","","","q8","text"
"","2031","{""q8_effort"":""Quite a lot of effort""}","survey-multi-choice","30","2.1.0","1922707","112324","no_self_explanation","","","[0]","","","","","","","","","q8","effort"
"","123900","{""q2_mc"":""Perhaps give preference to graduates of Avans University of Applied Sciences.""}","survey-multi-choice","31","2.1.0","2046595","112324","no_self_explanation","","","[0]","","","","","","","","","q2","mc"
"","27064","{""q2_text"":""The graduates were \""at least\"" as good as though from the university. ""}","survey-text","32","2.1.0","2073661","112324","no_self_explanation","","","","","","","","","","","","q2","text"
"","3548","{""q2_effort"":""Not a little nor a lot of effort""}","survey-multi-choice","33","2.1.0","2077210","112324","no_self_explanation","","","[0]","","","","","","","","","q2","effort"
