"task","rt","response","trial_type","trial_index","plugin_version","time_elapsed","participant_id","condition","stimulus","view_history","question_order","attention_question_passed","attention_effort_passed","pdf_file","success","timeout","failed_images","failed_audio","failed_video","item","phase"
"sona_id_collection","35076","{""sona_id"":""11/22/2025;9:30""}","survey-text","0","2.1.0","35086","413458","self_explanation","","","","","","","","","","","","",""
"consent","21800","0","html-button-response","1","2.1.0","56889","413458","self_explanation","[""<div class=\""consent-box\"">\n                <h2>Informed Consent Form</h2>\n                <p><strong>Title of Research Study:</strong> Critical Thinking Skills Learning Study</p>\n                <p><strong>Purpose:</strong>You are being invited to participate in a research study titled “Reproducibility of Psychological Science and Instruction.” This study is being done by Dr. Bria Long from UC San Diego and associated graduate students in Experimental Methods course. You were selected to participate in this study because you are an adult in the U.S. and have been a represented population in previous psychology studies.</p>\n                <p><strong>Risks and Benefits:</strong> The purpose of this study is to better understand how well previously published studies in the psychological field replicate online and with different populations. Your participation in this research should last approximately 5-30 minutes  If you agree to take part in this study, you may be asked to view a set of stimuli, including pictures, sounds, written text, or videos and then giving some responses via key-presses, verbally, or with paper-and-pencil. We may also observe your choices or preferences among an array of stimuli.  These stimuli will be taken directly from or closely adapted from studies that already exist in the published psychological literature. Stimuli will include, e.g., pictures of objects and human faces, audio and video clips, short text passages, etc. None of the stimuli will be disturbing, threatening, or offensive. The online and in-person experiments described in this protocol will take no more than 30 minutes. An example game you might play would be to click on an image on the screen that matches a word you hear being said out loud. Your total expected time commitment for this study is between 5-30 minutes, and is specified in the study description.</p>\n                <p><strong>Confidentiality:</strong> Your responses will be kept confidential and anonymous. Data will be stored securely and used only for research purposes.</p>\n                <p><strong>Voluntary Participation:</strong> We will not be asking for any personally identifying information, and we will handle responses as confidentially as possible. Your SONA IDs will never be tied to your responses on this survey. However, we cannot guarantee the confidentiality of information transmitted over the Internet. To minimize this risk, data containing anything that might be personally identifiable (e.g. SONA IDs or IP addresses) will be encrypted on transfer and storage and will only be accessible to qualified lab personnel. We will be keeping data collected as part of this experiment indefinitely. This anonymized data (containing neither Prolific IDs nor IP addresses) may be shared with the scientific community or with other participants to be used as stimuli in future studies.</p>\n                <p><strong>Contact Information:</strong> If you have questions about this project or if you have a research-related problem, you may contact the researcher(s),  Dr. Bria Long, brlong@ucsd.edu. If you have any questions concerning your rights as a research subject, you may contact the UC San Diego Office of IRB Administration at irb@ucsd.edu or 858-246-4777.</p>\n                <p><strong>By clicking \""I Agree\"" below, you indicate that:</strong></p>\n                <ul>\n                    <li>You have read and understood the information above</li>\n                    <li>You voluntarily agree to participate</li>\n                    <li>You are at least 18 years old</li>\n                </ul>\n            </div>""]","","","","","","","","","","","",""
"pretest_instructions","7276","","instructions","2","2.1.0","64167","413458","self_explanation","","[{""page_index"":0,""viewing_time"":7276}]","","","","","","","","","","",""
"pretest","458732","{""Q0"":""Some rocks can be eaten"",""Q1"":""Little effort"",""Q2"":""Y and 7"",""Q3"":""Not a little nor a lot of effort"",""Q4"":""Maybe they would be better off buying the Audi"",""Q5"":""Little effort"",""Q6"":""All roses are living things"",""Q7"":""Little effort"",""Q8"":""Karin works at a bank and is active in the environmental movement."",""Q9"":""Not a little nor a lot of effort"",""Q10"":""50%"",""Q11"":""Little effort"",""Q12"":""15 and beer"",""Q13"":""Not a little nor a lot of effort"",""Q14"":""The students score at least 1.0 points higher on the exam"",""Q15"":""Little effort"",""attention_check_pretest_question"":""X and 2"",""attention_check_pretest_effort"":""Quite a lot of effort""}","survey-multi-choice","3","2.1.0","522905","413458","self_explanation","","","[0,1,2,3,4,5,6,7,8,9,10,11,12,13,14,15,16,17]","true","true","","","","","","","",""
"practice_instructions","9807","","instructions","4","2.1.0","532714","413458","self_explanation","","[{""page_index"":0,""viewing_time"":2408},{""page_index"":1,""viewing_time"":7399}]","","","","","","","","","","",""
"preload_pdf","","","preload","5","2.0.0","532716","413458","self_explanation","","","","","","1.pdf","true","false","[]","[]","[]","",""
"enter_fullscreen","3131","","fullscreen","6","2.1.0","536849","413458","self_explanation","","","","","","","true","","","","","",""
"pdf_display","284485"," ","html-keyboard-response","7","2.0.0","821349","413458","self_explanation","
        <div id=""pdf-display-container"" style=""text-align: center;"">
            <h3>Educational Materials</h3>
            <p style=""color: #2196F3; font-weight: bold;"">Remember: As you read, please provide self-explanations about what you are learning.</p>
            <div class=""pdf-controls"">
                <button onclick=""zoomPDF('pdf-display', -25)"">Zoom Out (-)</button>
                <button onclick=""zoomPDF('pdf-display', 25)"">Zoom In (+)</button>
                <button onclick=""resetZoomPDF('pdf-display')"">Reset Zoom</button>
                <span class=""zoom-level"" id=""zoom-pdf-display"">100%</span>
            </div>
            <div class=""pdf-wrapper"" id=""wrapper-pdf-display"">
                <iframe id=""pdf-display"" src=""1.pdf"" class=""pdf-container""></iframe>
            </div>
            <p style=""margin-top: 10px; font-size: 12px; color: #666;"">
                Use zoom controls above or browser zoom (Ctrl/Cmd + Mouse Wheel). Press spacebar when you have finished reading and are ready to continue.
            </p>
        </div>
    
      <p id=""timer-message"" style=""font-size:16px; color:#c00; margin-top:20px;"">
        Please read for <span id=""countdown""></span> seconds before continuing.
      </p>
  ","","","","","1.pdf","","","","","","",""
"exit_fullscreen","null","","fullscreen","8","2.1.0","821353","413458","self_explanation","","","","","","","true","","","","","",""
"practice_instructions_questions","8875","","instructions","9","2.1.0","830229","413458","self_explanation","","[{""page_index"":0,""viewing_time"":3248},{""page_index"":1,""viewing_time"":5627}]","","","","","","","","","","",""
"practice","229063","{""practice_q3_text"":""A. The official is responsible for the quality of the event's safety plan, although the colleague has experience the offcial should do what is right. ""}","survey-text","10","2.1.0","1059320","413458","self_explanation","","","","","","","","","","","","practice_q3","text"
"practice","90316","{""practice_q1_text"":""D. DJs have talent and participants have talent but that does mean that they correlate. ""}","survey-text","11","2.1.0","1149658","413458","self_explanation","","","","","","","","","","","","practice_q1","text"
"practice","97465","{""practice_q2_text"":""A. Dance fans take up 350 people in the study, 350/400=88%""}","survey-text","12","2.1.0","1247147","413458","self_explanation","","","","","","","","","","","","practice_q2","text"
"posttest_instructions","10562","","instructions","13","2.1.0","1257713","413458","self_explanation","","[{""page_index"":0,""viewing_time"":2628},{""page_index"":1,""viewing_time"":7934}]","","","","","","","","","","",""
"","19836","{""q1_mc"":""No correct conclusion possible.""}","survey-multi-choice","14","2.1.0","1277552","413458","self_explanation","","","[0]","","","","","","","","","q1","mc"
"","27167","{""q1_text"":""there is no correlation between the two.""}","survey-text","15","2.1.0","1304741","413458","self_explanation","","","","","","","","","","","","q1","text"
"","3052","{""q1_effort"":""Little effort""}","survey-multi-choice","16","2.1.0","1307797","413458","self_explanation","","","[0]","","","","","","","","","q1","effort"
"","50814","{""q4_mc"":""Hearts and 2""}","survey-multi-choice","17","2.1.0","1358613","413458","self_explanation","","","[0]","","","","","","","","","q4","mc"
"","35873","{""q4_text"":""You have to turn over the heart to make sure there is a 2 on the other side and the 2 to make sure there is a heart.""}","survey-text","18","2.1.0","1394504","413458","self_explanation","","","","","","","","","","","","q4","text"
"","2294","{""q4_effort"":""Little effort""}","survey-multi-choice","19","2.1.0","1396802","413458","self_explanation","","","[0]","","","","","","","","","q4","effort"
"","34358","{""q5_mc"":""Jacques is a caretaker and is a member of the Tai Chi Association Netherlands""}","survey-multi-choice","20","2.1.0","1431163","413458","self_explanation","","","[0]","","","","","","","","","q5","mc"
"","23236","{""q5_text"":""he practice tai chi every morning\n""}","survey-text","21","2.1.0","1454421","413458","self_explanation","","","","","","","","","","","","q5","text"
"","2788","{""q5_effort"":""Little effort""}","survey-multi-choice","22","2.1.0","1457213","413458","self_explanation","","","[0]","","","","","","","","","q5","effort"
"","37114","{""q6_mc"":""Less than 10%""}","survey-multi-choice","23","2.1.0","1494330","413458","self_explanation","","","[0]","","","","","","","","","q6","mc"
"","36161","{""q6_text"":""only 50 people buy their clothes at high-end stores. 50/1000=5%""}","survey-text","24","2.1.0","1530511","413458","self_explanation","","","","","","","","","","","","q6","text"
"","2282","{""q6_effort"":""Little effort""}","survey-multi-choice","25","2.1.0","1532796","413458","self_explanation","","","[0]","","","","","","","","","q6","effort"
"","27115","{""q3_mc"":""Some music events are big events.""}","survey-multi-choice","26","2.1.0","1559913","413458","self_explanation","","","[0]","","","","","","","","","q3","mc"
"","41572","{""q3_text"":""if all major events need a permit and some music events need permits that means that some music events are considered major events. ""}","survey-text","27","2.1.0","1601503","413458","self_explanation","","","","","","","","","","","","q3","text"
"","3173","{""q3_effort"":""Not a little nor a lot of effort""}","survey-multi-choice","28","2.1.0","1604679","413458","self_explanation","","","[0]","","","","","","","","","q3","effort"
"","31002","{""q8_mc"":""Within 5 years, the number of visitors will increase by 5%""}","survey-multi-choice","29","2.1.0","1635685","413458","self_explanation","","","[0]","","","","","","","","","q8","mc"
"","21850","{""q8_text"":""they are aiming for a goal to reach and that is where they will get\n""}","survey-text","30","2.1.0","1657553","413458","self_explanation","","","","","","","","","","","","q8","text"
"","3723","{""q8_effort"":""Quite a lot of effort""}","survey-multi-choice","31","2.1.0","1661279","413458","self_explanation","","","[0]","","","","","","","","","q8","effort"
"","104297","{""q2_mc"":""Definitely give preference to graduates of Tilburg University.""}","survey-multi-choice","32","2.1.0","1765580","413458","self_explanation","","","[0]","","","","","","","","","q2","mc"
"","44678","{""q2_text"":""The firm has had 15 successful years with the first university, while the new HR person has only had experience with one graduate. ""}","survey-text","33","2.1.0","1810280","413458","self_explanation","","","","","","","","","","","","q2","text"
"","1896","{""q2_effort"":""Little effort""}","survey-multi-choice","34","2.1.0","1812179","413458","self_explanation","","","[0]","","","","","","","","","q2","effort"
"","34814","{""q7_mc"":""Madrid and Ryanair""}","survey-multi-choice","35","2.1.0","1846996","413458","self_explanation","","","[0]","","","","","","","","","q7","mc"
"","31605","{""q7_text"":""If the destination is madrid then you have to flip it over to see if it is raynar.""}","survey-text","36","2.1.0","1878620","413458","self_explanation","","","","","","","","","","","","q7","text"
"","4110","{""q7_effort"":""Little effort""}","survey-multi-choice","37","2.1.0","1882733","413458","self_explanation","","","[0]","","","","","","","","","q7","effort"
