"task","rt","response","trial_type","trial_index","plugin_version","time_elapsed","participant_id","condition","stimulus","view_history","question_order","attention_question_passed","attention_effort_passed","pdf_file","success","timeout","failed_images","failed_audio","failed_video","item","phase"
"sona_id_collection","152074","{""sona_id"":""11/23//2025; 8:30pm""}","survey-text","0","2.1.0","152075","919195","no_self_explanation","","","","","","","","","","","","",""
"consent","93432","0","html-button-response","1","2.1.0","245505","919195","no_self_explanation","[""<div class=\""consent-box\"">\n                <h2>Informed Consent Form</h2>\n                <p><strong>Title of Research Study:</strong> Critical Thinking Skills Learning Study</p>\n                <p><strong>Purpose:</strong>You are being invited to participate in a research study titled “Reproducibility of Psychological Science and Instruction.” This study is being done by Dr. Bria Long from UC San Diego and associated graduate students in Experimental Methods course. You were selected to participate in this study because you are an adult in the U.S. and have been a represented population in previous psychology studies.</p>\n                <p><strong>Risks and Benefits:</strong> The purpose of this study is to better understand how well previously published studies in the psychological field replicate online and with different populations. Your participation in this research should last approximately 5-30 minutes  If you agree to take part in this study, you may be asked to view a set of stimuli, including pictures, sounds, written text, or videos and then giving some responses via key-presses, verbally, or with paper-and-pencil. We may also observe your choices or preferences among an array of stimuli.  These stimuli will be taken directly from or closely adapted from studies that already exist in the published psychological literature. Stimuli will include, e.g., pictures of objects and human faces, audio and video clips, short text passages, etc. None of the stimuli will be disturbing, threatening, or offensive. The online and in-person experiments described in this protocol will take no more than 30 minutes. An example game you might play would be to click on an image on the screen that matches a word you hear being said out loud. Your total expected time commitment for this study is between 5-30 minutes, and is specified in the study description.</p>\n                <p><strong>Confidentiality:</strong> Your responses will be kept confidential and anonymous. Data will be stored securely and used only for research purposes.</p>\n                <p><strong>Voluntary Participation:</strong> We will not be asking for any personally identifying information, and we will handle responses as confidentially as possible. Your SONA IDs will never be tied to your responses on this survey. However, we cannot guarantee the confidentiality of information transmitted over the Internet. To minimize this risk, data containing anything that might be personally identifiable (e.g. SONA IDs or IP addresses) will be encrypted on transfer and storage and will only be accessible to qualified lab personnel. We will be keeping data collected as part of this experiment indefinitely. This anonymized data (containing neither Prolific IDs nor IP addresses) may be shared with the scientific community or with other participants to be used as stimuli in future studies.</p>\n                <p><strong>Contact Information:</strong> If you have questions about this project or if you have a research-related problem, you may contact the researcher(s),  Dr. Bria Long, brlong@ucsd.edu. If you have any questions concerning your rights as a research subject, you may contact the UC San Diego Office of IRB Administration at irb@ucsd.edu or 858-246-4777.</p>\n                <p><strong>By clicking \""I Agree\"" below, you indicate that:</strong></p>\n                <ul>\n                    <li>You have read and understood the information above</li>\n                    <li>You voluntarily agree to participate</li>\n                    <li>You are at least 18 years old</li>\n                </ul>\n            </div>""]","","","","","","","","","","","",""
"pretest_instructions","9765","","instructions","2","2.1.0","255271","919195","no_self_explanation","","[{""page_index"":0,""viewing_time"":9765}]","","","","","","","","","","",""
"pretest","713259","{""Q0"":""Some rocks can be eaten"",""Q1"":""Not a little nor a lot of effort"",""Q2"":""X and 7"",""Q3"":""A lot of effort"",""Q4"":""Maybe they would be better off buying the Audi"",""Q5"":""Little effort"",""Q6"":""All roses are living things"",""Q7"":""Very little effort"",""Q8"":""Karin works at a bank and is active in the environmental movement."",""Q9"":""Quite a lot of effort"",""Q10"":""Less than 3%"",""Q11"":""Little effort"",""Q12"":""15 and beer"",""Q13"":""Not a little nor a lot of effort"",""Q14"":""The students score at least 0.1 point higher on the exam"",""Q15"":""Not a little nor a lot of effort"",""attention_check_pretest_question"":""X and 2"",""attention_check_pretest_effort"":""Quite a lot of effort""}","survey-multi-choice","3","2.1.0","968504","919195","no_self_explanation","","","[0,1,2,3,4,5,6,7,8,9,10,11,12,13,14,15,16,17]","true","true","","","","","","","",""
"practice_instructions","8622","","instructions","4","2.1.0","977127","919195","no_self_explanation","","[{""page_index"":0,""viewing_time"":3706},{""page_index"":1,""viewing_time"":4916}]","","","","","","","","","","",""
"preload_pdf","","","preload","5","2.0.0","977128","919195","no_self_explanation","","","","","","2.pdf","true","false","[]","[]","[]","",""
"enter_fullscreen","4582","","fullscreen","6","2.1.0","982714","919195","no_self_explanation","","","","","","","true","","","","","",""
"pdf_display","892405"," ","html-keyboard-response","7","2.0.0","1875130","919195","no_self_explanation","
        <div id=""pdf-display-container"" style=""text-align: center;"">
            <h3>Educational Materials</h3>
            
            <div class=""pdf-controls"">
                <button onclick=""zoomPDF('pdf-display', -25)"">Zoom Out (-)</button>
                <button onclick=""zoomPDF('pdf-display', 25)"">Zoom In (+)</button>
                <button onclick=""resetZoomPDF('pdf-display')"">Reset Zoom</button>
                <span class=""zoom-level"" id=""zoom-pdf-display"">100%</span>
            </div>
            <div class=""pdf-wrapper"" id=""wrapper-pdf-display"">
                <iframe id=""pdf-display"" src=""2.pdf"" class=""pdf-container""></iframe>
            </div>
            <p style=""margin-top: 10px; font-size: 12px; color: #666;"">
                Use zoom controls above or browser zoom (Ctrl/Cmd + Mouse Wheel). Press spacebar when you have finished reading and are ready to continue.
            </p>
        </div>
    
      <p id=""timer-message"" style=""font-size:16px; color:#c00; margin-top:20px;"">
        Please read for <span id=""countdown""></span> seconds before continuing.
      </p>
  ","","","","","2.pdf","","","","","","",""
"exit_fullscreen","null","","fullscreen","8","2.1.0","1875133","919195","no_self_explanation","","","","","","","true","","","","","",""
"posttest_instructions","11142","","instructions","9","2.1.0","1886277","919195","no_self_explanation","","[{""page_index"":0,""viewing_time"":3092},{""page_index"":1,""viewing_time"":8051}]","","","","","","","","","","",""
"","42383","{""q6_mc"":""Less than 10%""}","survey-multi-choice","10","2.1.0","1928662","919195","no_self_explanation","","","[0]","","","","","","","","","q6","mc"
"","42175","{""q6_text"":""I said it was less than 10% because out of 1000 participants only 50 bought at a high end store so there is a 5% chance that she is one of them. ""}","survey-text","11","2.1.0","1970847","919195","no_self_explanation","","","","","","","","","","","","q6","text"
"","4164","{""q6_effort"":""Very little effort""}","survey-multi-choice","12","2.1.0","1975013","919195","no_self_explanation","","","[0]","","","","","","","","","q6","effort"
"","92367","{""q3_mc"":""Some music events are big events.""}","survey-multi-choice","13","2.1.0","2067380","919195","no_self_explanation","","","[0]","","","","","","","","","q3","mc"
"","65967","{""q3_text"":""I chose some music events are major events because it stated that all major events require permit so if some music event require permit then those must be major events. ""}","survey-text","14","2.1.0","2133348","919195","no_self_explanation","","","","","","","","","","","","q3","text"
"","2597","{""q3_effort"":""Not a little nor a lot of effort""}","survey-multi-choice","15","2.1.0","2135946","919195","no_self_explanation","","","[0]","","","","","","","","","q3","effort"
"","161019","{""q7_mc"":""Madrid and Transavia""}","survey-multi-choice","16","2.1.0","2296962","919195","no_self_explanation","","","[0]","","","","","","","","","q7","mc"
"","63919","{""q7_text"":""I choose Madrid and Transavia to turn over because if its Madrid than it must be Ryanair and if its Transavia the other side would need to be Barcelona since onlt Ryanair goes to Madrid ""}","survey-text","17","2.1.0","2360882","919195","no_self_explanation","","","","","","","","","","","","q7","text"
"","3397","{""q7_effort"":""Quite a lot of effort""}","survey-multi-choice","18","2.1.0","2364281","919195","no_self_explanation","","","[0]","","","","","","","","","q7","effort"
"","89601","{""q2_mc"":""Perhaps give preference to graduates of Tilburg University.""}","survey-multi-choice","19","2.1.0","2453881","919195","no_self_explanation","","","[0]","","","","","","","","","q2","mc"
"","49914","{""q2_text"":""I chose that they should perhaps give preference to Tillsburg because the company has been working with them for the past 15 years which is much longer than the 2 years of the other university. ""}","survey-text","20","2.1.0","2503797","919195","no_self_explanation","","","","","","","","","","","","q2","text"
"","2582","{""q2_effort"":""Not a little nor a lot of effort""}","survey-multi-choice","21","2.1.0","2506380","919195","no_self_explanation","","","[0]","","","","","","","","","q2","effort"
"","59584","{""q4_mc"":""Hearts and 9""}","survey-multi-choice","22","2.1.0","2565965","919195","no_self_explanation","","","[0]","","","","","","","","","q4","mc"
"","50449","{""q4_text"":""i chose hearts and 9 because on the other side of hearts there must be a 2 since that is the rule and if you have 9 you must have spades since hearts requires 2. ""}","survey-text","23","2.1.0","2616415","919195","no_self_explanation","","","","","","","","","","","","q4","text"
"","2581","{""q4_effort"":""Little effort""}","survey-multi-choice","24","2.1.0","2618998","919195","no_self_explanation","","","[0]","","","","","","","","","q4","effort"
"","73317","{""q5_mc"":""Jacques is a janitor""}","survey-multi-choice","25","2.1.0","2692315","919195","no_self_explanation","","","[0]","","","","","","","","","q5","mc"
"","50267","{""q5_text"":""I chose Jacques is a janitor because just based on his interest isn't enough to assume what organizations he is a part of or what her works in therefore he is more likely to be a janitor. ""}","survey-text","26","2.1.0","2742583","919195","no_self_explanation","","","","","","","","","","","","q5","text"
"","3247","{""q5_effort"":""Not a little nor a lot of effort""}","survey-multi-choice","27","2.1.0","2745831","919195","no_self_explanation","","","[0]","","","","","","","","","q5","effort"
"","72600","{""q1_mc"":""Some chickens are not birds.""}","survey-multi-choice","28","2.1.0","2818431","919195","no_self_explanation","","","[0]","","","","","","","","","q1","mc"
"","59284","{""q1_text"":""I chose some chickens are not birds because if all birds can fly and some chickens can't fly then some chickens are birds. ""}","survey-text","29","2.1.0","2877716","919195","no_self_explanation","","","","","","","","","","","","q1","text"
"","2947","{""q1_effort"":""Quite a lot of effort""}","survey-multi-choice","30","2.1.0","2880664","919195","no_self_explanation","","","[0]","","","","","","","","","q1","effort"
"","85718","{""q8_mc"":""Within 5 years, the number of visitors will increase by 2%""}","survey-multi-choice","31","2.1.0","2966381","919195","no_self_explanation","","","[0]","","","","","","","","","q8","mc"
"","43216","{""q8_text"":""I chose will increase by 2% because while the goal is 5% that doesn't mean they will reach it so I believe they are more likely to hit 2% since its lower. ""}","survey-text","32","2.1.0","3009598","919195","no_self_explanation","","","","","","","","","","","","q8","text"
"","3348","{""q8_effort"":""Not a little nor a lot of effort""}","survey-multi-choice","33","2.1.0","3012948","919195","no_self_explanation","","","[0]","","","","","","","","","q8","effort"
