"task","rt","response","trial_type","trial_index","plugin_version","time_elapsed","participant_id","condition","stimulus","view_history","question_order","attention_question_passed","attention_effort_passed","pdf_file","success","timeout","failed_images","failed_audio","failed_video","item","phase"
"sona_id_collection","52212","{""sona_id"":""11/23/2025; 5:00pm""}","survey-text","0","2.1.0","52231","124309","self_explanation","","","","","","","","","","","","",""
"consent","2382","0","html-button-response","1","2.1.0","54616","124309","self_explanation","[""<div class=\""consent-box\"">\n                <h2>Informed Consent Form</h2>\n                <p><strong>Title of Research Study:</strong> Critical Thinking Skills Learning Study</p>\n                <p><strong>Purpose:</strong>You are being invited to participate in a research study titled “Reproducibility of Psychological Science and Instruction.” This study is being done by Dr. Bria Long from UC San Diego and associated graduate students in Experimental Methods course. You were selected to participate in this study because you are an adult in the U.S. and have been a represented population in previous psychology studies.</p>\n                <p><strong>Risks and Benefits:</strong> The purpose of this study is to better understand how well previously published studies in the psychological field replicate online and with different populations. Your participation in this research should last approximately 5-30 minutes  If you agree to take part in this study, you may be asked to view a set of stimuli, including pictures, sounds, written text, or videos and then giving some responses via key-presses, verbally, or with paper-and-pencil. We may also observe your choices or preferences among an array of stimuli.  These stimuli will be taken directly from or closely adapted from studies that already exist in the published psychological literature. Stimuli will include, e.g., pictures of objects and human faces, audio and video clips, short text passages, etc. None of the stimuli will be disturbing, threatening, or offensive. The online and in-person experiments described in this protocol will take no more than 30 minutes. An example game you might play would be to click on an image on the screen that matches a word you hear being said out loud. Your total expected time commitment for this study is between 5-30 minutes, and is specified in the study description.</p>\n                <p><strong>Confidentiality:</strong> Your responses will be kept confidential and anonymous. Data will be stored securely and used only for research purposes.</p>\n                <p><strong>Voluntary Participation:</strong> We will not be asking for any personally identifying information, and we will handle responses as confidentially as possible. Your SONA IDs will never be tied to your responses on this survey. However, we cannot guarantee the confidentiality of information transmitted over the Internet. To minimize this risk, data containing anything that might be personally identifiable (e.g. SONA IDs or IP addresses) will be encrypted on transfer and storage and will only be accessible to qualified lab personnel. We will be keeping data collected as part of this experiment indefinitely. This anonymized data (containing neither Prolific IDs nor IP addresses) may be shared with the scientific community or with other participants to be used as stimuli in future studies.</p>\n                <p><strong>Contact Information:</strong> If you have questions about this project or if you have a research-related problem, you may contact the researcher(s),  Dr. Bria Long, brlong@ucsd.edu. If you have any questions concerning your rights as a research subject, you may contact the UC San Diego Office of IRB Administration at irb@ucsd.edu or 858-246-4777.</p>\n                <p><strong>By clicking \""I Agree\"" below, you indicate that:</strong></p>\n                <ul>\n                    <li>You have read and understood the information above</li>\n                    <li>You voluntarily agree to participate</li>\n                    <li>You are at least 18 years old</li>\n                </ul>\n            </div>""]","","","","","","","","","","","",""
"pretest_instructions","1797","","instructions","2","2.1.0","56415","124309","self_explanation","","[{""page_index"":0,""viewing_time"":1797}]","","","","","","","","","","",""
"pretest","58421","{""Q0"":""Some rocks are nuts"",""Q1"":""Little effort"",""Q2"":""X and 7"",""Q3"":""Little effort"",""Q4"":""They would definitely be better off buying the BMW"",""Q5"":""Little effort"",""Q6"":""All roses are living things"",""Q7"":""Little effort"",""Q8"":""Karin works at a bank and is active in the environmental movement."",""Q9"":""Little effort"",""Q10"":""Less than 3%"",""Q11"":""Little effort"",""Q12"":""18 and cola"",""Q13"":""Little effort"",""Q14"":""The students score at least 0.3 points higher on the exam"",""Q15"":""Little effort"",""attention_check_pretest_question"":""X and 2"",""attention_check_pretest_effort"":""Quite a lot of effort""}","survey-multi-choice","3","2.1.0","114836","124309","self_explanation","","","[0,1,2,3,4,5,6,7,8,9,10,11,12,13,14,15,16,17]","true","true","","","","","","","",""
"practice_instructions","2843","","instructions","4","2.1.0","117680","124309","self_explanation","","[{""page_index"":0,""viewing_time"":1907},{""page_index"":1,""viewing_time"":936}]","","","","","","","","","","",""
"preload_pdf","","","preload","5","2.0.0","117682","124309","self_explanation","","","","","","1.pdf","true","false","[]","[]","[]","",""
"enter_fullscreen","1262","","fullscreen","6","2.1.0","119948","124309","self_explanation","","","","","","","true","","","","","",""
"pdf_display","131480"," ","html-keyboard-response","7","2.0.0","251430","124309","self_explanation","
        <div id=""pdf-display-container"" style=""text-align: center;"">
            <h3>Educational Materials</h3>
            <p style=""color: #2196F3; font-weight: bold;"">Remember: As you read, please provide self-explanations about what you are learning.</p>
            <div class=""pdf-controls"">
                <button onclick=""zoomPDF('pdf-display', -25)"">Zoom Out (-)</button>
                <button onclick=""zoomPDF('pdf-display', 25)"">Zoom In (+)</button>
                <button onclick=""resetZoomPDF('pdf-display')"">Reset Zoom</button>
                <span class=""zoom-level"" id=""zoom-pdf-display"">100%</span>
            </div>
            <div class=""pdf-wrapper"" id=""wrapper-pdf-display"">
                <iframe id=""pdf-display"" src=""1.pdf"" class=""pdf-container""></iframe>
            </div>
            <p style=""margin-top: 10px; font-size: 12px; color: #666;"">
                Use zoom controls above or browser zoom (Ctrl/Cmd + Mouse Wheel). Press spacebar when you have finished reading and are ready to continue.
            </p>
        </div>
    
      <p id=""timer-message"" style=""font-size:16px; color:#c00; margin-top:20px;"">
        Please read for <span id=""countdown""></span> seconds before continuing.
      </p>
  ","","","","","1.pdf","","","","","","",""
"exit_fullscreen","null","","fullscreen","8","2.1.0","251431","124309","self_explanation","","","","","","","true","","","","","",""
"practice_instructions_questions","3219","","instructions","9","2.1.0","254650","124309","self_explanation","","[{""page_index"":0,""viewing_time"":2351},{""page_index"":1,""viewing_time"":868}]","","","","","","","","","","",""
"practice","159774","{""practice_q3_text"":""A, I selected this answer since it is the best one, even though the requirements are not that important, they should follow the safety plan properly.""}","survey-text","10","2.1.0","414424","124309","self_explanation","","","","","","","","","","","","practice_q3","text"
"practice","92767","{""practice_q1_text"":""A, since all djs have talent and all EMD have talent, then some djs are participants in the EMD, since it will not make sense that all of them are.""}","survey-text","11","2.1.0","507191","124309","self_explanation","","","","","","","","","","","","practice_q1","text"
"practice","60786","{""practice_q2_text"":""A, since there are 350 avowed dance enthusiasts.""}","survey-text","12","2.1.0","567977","124309","self_explanation","","","","","","","","","","","","practice_q2","text"
"posttest_instructions","3993","","instructions","13","2.1.0","571971","124309","self_explanation","","[{""page_index"":0,""viewing_time"":2445},{""page_index"":1,""viewing_time"":1548}]","","","","","","","","","","",""
"","14252","{""q3_mc"":""Some music events are big events.""}","survey-multi-choice","14","2.1.0","586224","124309","self_explanation","","","[0]","","","","","","","","","q3","mc"
"","53753","{""q3_text"":""Since all major events require a permit and some music events require a permit, then some music events are major events.""}","survey-text","15","2.1.0","639978","124309","self_explanation","","","","","","","","","","","","q3","text"
"","2280","{""q3_effort"":""Little effort""}","survey-multi-choice","16","2.1.0","642258","124309","self_explanation","","","[0]","","","","","","","","","q3","effort"
"","2781","{""q6_mc"":""Less than 10%""}","survey-multi-choice","17","2.1.0","645041","124309","self_explanation","","","[0]","","","","","","","","","q6","mc"
"","37130","{""q6_text"":""Since there is a really low amount of participants in that category then there will also be a low percentage.""}","survey-text","18","2.1.0","682172","124309","self_explanation","","","","","","","","","","","","q6","text"
"","2105","{""q6_effort"":""Little effort""}","survey-multi-choice","19","2.1.0","684278","124309","self_explanation","","","[0]","","","","","","","","","q6","effort"
"","13529","{""q5_mc"":""Jacques is a concierge and organizes the annual Poetry Night""}","survey-multi-choice","20","2.1.0","697810","124309","self_explanation","","","[0]","","","","","","","","","q5","mc"
"","22196","{""q5_text"":""Since he likes poetry he should enjoy the poetry night.""}","survey-text","21","2.1.0","720009","124309","self_explanation","","","","","","","","","","","","q5","text"
"","2299","{""q5_effort"":""Little effort""}","survey-multi-choice","22","2.1.0","722308","124309","self_explanation","","","[0]","","","","","","","","","q5","effort"
"","6384","{""q7_mc"":""Madrid and Ryanair""}","survey-multi-choice","23","2.1.0","728694","124309","self_explanation","","","[0]","","","","","","","","","q7","mc"
"","37076","{""q7_text"":""If you turn the Madrid ticket and the pilot is not the same or the mention one, then the rule is violated.""}","survey-text","24","2.1.0","765774","124309","self_explanation","","","","","","","","","","","","q7","text"
"","1971","{""q7_effort"":""Little effort""}","survey-multi-choice","25","2.1.0","767745","124309","self_explanation","","","[0]","","","","","","","","","q7","effort"
"","5130","{""q4_mc"":""Spades and 2""}","survey-multi-choice","26","2.1.0","772876","124309","self_explanation","","","[0]","","","","","","","","","q4","mc"
"","21000","{""q4_text"":""Since the rule is hearts and 2, if you turn the spades and it has a 2, then the rule is violated.""}","survey-text","27","2.1.0","793878","124309","self_explanation","","","","","","","","","","","","q4","text"
"","1930","{""q4_effort"":""Little effort""}","survey-multi-choice","28","2.1.0","795810","124309","self_explanation","","","[0]","","","","","","","","","q4","effort"
"","10768","{""q2_mc"":""Perhaps give preference to graduates of Tilburg University.""}","survey-multi-choice","29","2.1.0","806578","124309","self_explanation","","","[0]","","","","","","","","","q2","mc"
"","35580","{""q2_text"":""Since they had already mentioned the graduates from the first university and they are excellent, then they should give preference to them.""}","survey-text","30","2.1.0","842162","124309","self_explanation","","","","","","","","","","","","q2","text"
"","2182","{""q2_effort"":""Little effort""}","survey-multi-choice","31","2.1.0","844344","124309","self_explanation","","","[0]","","","","","","","","","q2","effort"
"","5265","{""q8_mc"":""Within 5 years, the number of visitors will increase by 5%""}","survey-multi-choice","32","2.1.0","849611","124309","self_explanation","","","[0]","","","","","","","","","q8","mc"
"","23965","{""q8_text"":""Since the goal is to increase 5% then in the next 5 years they should increase at least 5%.""}","survey-text","33","2.1.0","873578","124309","self_explanation","","","","","","","","","","","","q8","text"
"","2049","{""q8_effort"":""Little effort""}","survey-multi-choice","34","2.1.0","875628","124309","self_explanation","","","[0]","","","","","","","","","q8","effort"
"","9015","{""q1_mc"":""Some chickens can fly""}","survey-multi-choice","35","2.1.0","884645","124309","self_explanation","","","[0]","","","","","","","","","q1","mc"
"","24816","{""q1_text"":""Since chickens are birds and some chickens cannot fly, this means that some chickens can fly.""}","survey-text","36","2.1.0","909464","124309","self_explanation","","","","","","","","","","","","q1","text"
"","2216","{""q1_effort"":""Little effort""}","survey-multi-choice","37","2.1.0","911681","124309","self_explanation","","","[0]","","","","","","","","","q1","effort"
