"task","rt","response","trial_type","trial_index","plugin_version","time_elapsed","participant_id","condition","stimulus","view_history","question_order","attention_question_passed","attention_effort_passed","pdf_file","success","timeout","failed_images","failed_audio","failed_video","item","phase"
"sona_id_collection","71763","{""sona_id"":""11/23/2025 ; 9:30 am""}","survey-text","0","2.1.0","71788","33322","self_explanation","","","","","","","","","","","","",""
"consent","37793","0","html-button-response","1","2.1.0","109584","33322","self_explanation","[""<div class=\""consent-box\"">\n                <h2>Informed Consent Form</h2>\n                <p><strong>Title of Research Study:</strong> Critical Thinking Skills Learning Study</p>\n                <p><strong>Purpose:</strong>You are being invited to participate in a research study titled “Reproducibility of Psychological Science and Instruction.” This study is being done by Dr. Bria Long from UC San Diego and associated graduate students in Experimental Methods course. You were selected to participate in this study because you are an adult in the U.S. and have been a represented population in previous psychology studies.</p>\n                <p><strong>Risks and Benefits:</strong> The purpose of this study is to better understand how well previously published studies in the psychological field replicate online and with different populations. Your participation in this research should last approximately 5-30 minutes  If you agree to take part in this study, you may be asked to view a set of stimuli, including pictures, sounds, written text, or videos and then giving some responses via key-presses, verbally, or with paper-and-pencil. We may also observe your choices or preferences among an array of stimuli.  These stimuli will be taken directly from or closely adapted from studies that already exist in the published psychological literature. Stimuli will include, e.g., pictures of objects and human faces, audio and video clips, short text passages, etc. None of the stimuli will be disturbing, threatening, or offensive. The online and in-person experiments described in this protocol will take no more than 30 minutes. An example game you might play would be to click on an image on the screen that matches a word you hear being said out loud. Your total expected time commitment for this study is between 5-30 minutes, and is specified in the study description.</p>\n                <p><strong>Confidentiality:</strong> Your responses will be kept confidential and anonymous. Data will be stored securely and used only for research purposes.</p>\n                <p><strong>Voluntary Participation:</strong> We will not be asking for any personally identifying information, and we will handle responses as confidentially as possible. Your SONA IDs will never be tied to your responses on this survey. However, we cannot guarantee the confidentiality of information transmitted over the Internet. To minimize this risk, data containing anything that might be personally identifiable (e.g. SONA IDs or IP addresses) will be encrypted on transfer and storage and will only be accessible to qualified lab personnel. We will be keeping data collected as part of this experiment indefinitely. This anonymized data (containing neither Prolific IDs nor IP addresses) may be shared with the scientific community or with other participants to be used as stimuli in future studies.</p>\n                <p><strong>Contact Information:</strong> If you have questions about this project or if you have a research-related problem, you may contact the researcher(s),  Dr. Bria Long, brlong@ucsd.edu. If you have any questions concerning your rights as a research subject, you may contact the UC San Diego Office of IRB Administration at irb@ucsd.edu or 858-246-4777.</p>\n                <p><strong>By clicking \""I Agree\"" below, you indicate that:</strong></p>\n                <ul>\n                    <li>You have read and understood the information above</li>\n                    <li>You voluntarily agree to participate</li>\n                    <li>You are at least 18 years old</li>\n                </ul>\n            </div>""]","","","","","","","","","","","",""
"pretest_instructions","5509","","instructions","2","2.1.0","115095","33322","self_explanation","","[{""page_index"":0,""viewing_time"":5509}]","","","","","","","","","","",""
"pretest","281424","{""Q0"":""Some rocks can be eaten"",""Q1"":""Little effort"",""Q2"":""Y and 2"",""Q3"":""Little effort"",""Q4"":""Maybe they would be better off buying the BMW"",""Q5"":""Not a little nor a lot of effort"",""Q6"":""All roses are living things"",""Q7"":""Little effort"",""Q8"":""Karin works at a bank and is active in the environmental movement."",""Q9"":""Not a little nor a lot of effort"",""Q10"":""Less than 3%"",""Q11"":""Little effort"",""Q12"":""15 and cola"",""Q13"":""Little effort"",""Q14"":""The students score at least 0.1 point higher on the exam"",""Q15"":""Little effort"",""attention_check_pretest_question"":""X and 2"",""attention_check_pretest_effort"":""Quite a lot of effort""}","survey-multi-choice","3","2.1.0","396528","33322","self_explanation","","","[0,1,2,3,4,5,6,7,8,9,10,11,12,13,14,15,16,17]","true","true","","","","","","","",""
"practice_instructions","5197","","instructions","4","2.1.0","401727","33322","self_explanation","","[{""page_index"":0,""viewing_time"":1371},{""page_index"":1,""viewing_time"":3826}]","","","","","","","","","","",""
"preload_pdf","","","preload","5","2.0.0","401729","33322","self_explanation","","","","","","1.pdf","true","false","[]","[]","[]","",""
"enter_fullscreen","7924","","fullscreen","6","2.1.0","410663","33322","self_explanation","","","","","","","true","","","","","",""
"pdf_display","1733653"," ","html-keyboard-response","7","2.0.0","2144322","33322","self_explanation","
        <div id=""pdf-display-container"" style=""text-align: center;"">
            <h3>Educational Materials</h3>
            <p style=""color: #2196F3; font-weight: bold;"">Remember: As you read, please provide self-explanations about what you are learning.</p>
            <div class=""pdf-controls"">
                <button onclick=""zoomPDF('pdf-display', -25)"">Zoom Out (-)</button>
                <button onclick=""zoomPDF('pdf-display', 25)"">Zoom In (+)</button>
                <button onclick=""resetZoomPDF('pdf-display')"">Reset Zoom</button>
                <span class=""zoom-level"" id=""zoom-pdf-display"">100%</span>
            </div>
            <div class=""pdf-wrapper"" id=""wrapper-pdf-display"">
                <iframe id=""pdf-display"" src=""1.pdf"" class=""pdf-container""></iframe>
            </div>
            <p style=""margin-top: 10px; font-size: 12px; color: #666;"">
                Use zoom controls above or browser zoom (Ctrl/Cmd + Mouse Wheel). Press spacebar when you have finished reading and are ready to continue.
            </p>
        </div>
    
      <p id=""timer-message"" style=""font-size:16px; color:#c00; margin-top:20px;"">
        Please read for <span id=""countdown""></span> seconds before continuing.
      </p>
  ","","","","","1.pdf","","","","","","",""
"exit_fullscreen","null","","fullscreen","8","2.1.0","2144340","33322","self_explanation","","","","","","","true","","","","","",""
"practice_instructions_questions","60869","","instructions","9","2.1.0","2205210","33322","self_explanation","","[{""page_index"":0,""viewing_time"":59502},{""page_index"":1,""viewing_time"":1367}]","","","","","","","","","","",""
"practice","429099","{""practice_q3_text"":""b ---""}","survey-text","10","2.1.0","2634340","33322","self_explanation","","","","","","","","","","","","practice_q3","text"
"practice","50690","{""practice_q1_text"":""d\ncannot conclude anything\nif djs are participants""}","survey-text","11","2.1.0","2685038","33322","self_explanation","","","","","","","","","","","","practice_q1","text"
"practice","118102","{""practice_q2_text"":""a ---\nnumber of dance enthusiasts extremely high ""}","survey-text","12","2.1.0","2803145","33322","self_explanation","","","","","","","","","","","","practice_q2","text"
"posttest_instructions","5191","","instructions","13","2.1.0","2808337","33322","self_explanation","","[{""page_index"":0,""viewing_time"":2819},{""page_index"":1,""viewing_time"":2371}]","","","","","","","","","","",""
"","517298","{""q7_mc"":""Barcelona and Ryanair""}","survey-multi-choice","14","2.1.0","3325638","33322","self_explanation","","","[0]","","","","","","","","","q7","mc"
"","3780","{""q7_text"":""--\n""}","survey-text","15","2.1.0","3329420","33322","self_explanation","","","","","","","","","","","","q7","text"
"","10740","{""q7_effort"":""Not a little nor a lot of effort""}","survey-multi-choice","16","2.1.0","3340161","33322","self_explanation","","","[0]","","","","","","","","","q7","effort"
"","18755","{""q6_mc"":""Less than 10%""}","survey-multi-choice","17","2.1.0","3358918","33322","self_explanation","","","[0]","","","","","","","","","q6","mc"
"","22907","{""q6_text"":""number of people who do not buy at high end much higher percentage ""}","survey-text","18","2.1.0","3381827","33322","self_explanation","","","","","","","","","","","","q6","text"
"","3838","{""q6_effort"":""Little effort""}","survey-multi-choice","19","2.1.0","3385666","33322","self_explanation","","","[0]","","","","","","","","","q6","effort"
"","23397","{""q8_mc"":""Within 5 years, the number of visitors will increase by 2%""}","survey-multi-choice","20","2.1.0","3409064","33322","self_explanation","","","[0]","","","","","","","","","q8","mc"
"","19842","{""q8_text"":""more likely to reach this option than higher percentages""}","survey-text","21","2.1.0","3428908","33322","self_explanation","","","","","","","","","","","","q8","text"
"","5998","{""q8_effort"":""Not a little nor a lot of effort""}","survey-multi-choice","22","2.1.0","3434906","33322","self_explanation","","","[0]","","","","","","","","","q8","effort"
"","13608","{""q1_mc"":""No correct conclusion possible.""}","survey-multi-choice","23","2.1.0","3448516","33322","self_explanation","","","[0]","","","","","","","","","q1","mc"
"","11594","{""q1_text"":""--""}","survey-text","24","2.1.0","3460112","33322","self_explanation","","","","","","","","","","","","q1","text"
"","1762","{""q1_effort"":""Not a little nor a lot of effort""}","survey-multi-choice","25","2.1.0","3461875","33322","self_explanation","","","[0]","","","","","","","","","q1","effort"
"","9765","{""q3_mc"":""Some music events are big events.""}","survey-multi-choice","26","2.1.0","3471641","33322","self_explanation","","","[0]","","","","","","","","","q3","mc"
"","2848","{""q3_text"":""--""}","survey-text","27","2.1.0","3474491","33322","self_explanation","","","","","","","","","","","","q3","text"
"","2740","{""q3_effort"":""Not a little nor a lot of effort""}","survey-multi-choice","28","2.1.0","3477232","33322","self_explanation","","","[0]","","","","","","","","","q3","effort"
"","4689","{""q4_mc"":""Hearts and 2""}","survey-multi-choice","29","2.1.0","3481923","33322","self_explanation","","","[0]","","","","","","","","","q4","mc"
"","2841","{""q4_text"":""--""}","survey-text","30","2.1.0","3484765","33322","self_explanation","","","","","","","","","","","","q4","text"
"","2392","{""q4_effort"":""Not a little nor a lot of effort""}","survey-multi-choice","31","2.1.0","3487159","33322","self_explanation","","","[0]","","","","","","","","","q4","effort"
"","40434","{""q5_mc"":""Jacques is a caretaker and is a member of the Tai Chi Association Netherlands""}","survey-multi-choice","32","2.1.0","3527593","33322","self_explanation","","","[0]","","","","","","","","","q5","mc"
"","3320","{""q5_text"":""--""}","survey-text","33","2.1.0","3530914","33322","self_explanation","","","","","","","","","","","","q5","text"
"","2484","{""q5_effort"":""Not a little nor a lot of effort""}","survey-multi-choice","34","2.1.0","3533400","33322","self_explanation","","","[0]","","","","","","","","","q5","effort"
"","243378","{""q2_mc"":""Perhaps give preference to graduates of Tilburg University.""}","survey-multi-choice","35","2.1.0","3776779","33322","self_explanation","","","[0]","","","","","","","","","q2","mc"
"","24370","{""q2_text"":""tilberg has reputation but should still give other uni chance\n""}","survey-text","36","2.1.0","3801152","33322","self_explanation","","","","","","","","","","","","q2","text"
"","1944","{""q2_effort"":""Not a little nor a lot of effort""}","survey-multi-choice","37","2.1.0","3803097","33322","self_explanation","","","[0]","","","","","","","","","q2","effort"
