"task","rt","response","trial_type","trial_index","plugin_version","time_elapsed","participant_id","condition","stimulus","view_history","question_order","attention_question_passed","attention_effort_passed","pdf_file","success","timeout","failed_images","failed_audio","failed_video","item","phase"
"sona_id_collection","85836","{""sona_id"":""11/23/2025 ; 7:00 PM""}","survey-text","0","2.1.0","85843","830781","no_self_explanation","","","","","","","","","","","","",""
"consent","15121","0","html-button-response","1","2.1.0","100966","830781","no_self_explanation","[""<div class=\""consent-box\"">\n                <h2>Informed Consent Form</h2>\n                <p><strong>Title of Research Study:</strong> Critical Thinking Skills Learning Study</p>\n                <p><strong>Purpose:</strong>You are being invited to participate in a research study titled “Reproducibility of Psychological Science and Instruction.” This study is being done by Dr. Bria Long from UC San Diego and associated graduate students in Experimental Methods course. You were selected to participate in this study because you are an adult in the U.S. and have been a represented population in previous psychology studies.</p>\n                <p><strong>Risks and Benefits:</strong> The purpose of this study is to better understand how well previously published studies in the psychological field replicate online and with different populations. Your participation in this research should last approximately 5-30 minutes  If you agree to take part in this study, you may be asked to view a set of stimuli, including pictures, sounds, written text, or videos and then giving some responses via key-presses, verbally, or with paper-and-pencil. We may also observe your choices or preferences among an array of stimuli.  These stimuli will be taken directly from or closely adapted from studies that already exist in the published psychological literature. Stimuli will include, e.g., pictures of objects and human faces, audio and video clips, short text passages, etc. None of the stimuli will be disturbing, threatening, or offensive. The online and in-person experiments described in this protocol will take no more than 30 minutes. An example game you might play would be to click on an image on the screen that matches a word you hear being said out loud. Your total expected time commitment for this study is between 5-30 minutes, and is specified in the study description.</p>\n                <p><strong>Confidentiality:</strong> Your responses will be kept confidential and anonymous. Data will be stored securely and used only for research purposes.</p>\n                <p><strong>Voluntary Participation:</strong> We will not be asking for any personally identifying information, and we will handle responses as confidentially as possible. Your SONA IDs will never be tied to your responses on this survey. However, we cannot guarantee the confidentiality of information transmitted over the Internet. To minimize this risk, data containing anything that might be personally identifiable (e.g. SONA IDs or IP addresses) will be encrypted on transfer and storage and will only be accessible to qualified lab personnel. We will be keeping data collected as part of this experiment indefinitely. This anonymized data (containing neither Prolific IDs nor IP addresses) may be shared with the scientific community or with other participants to be used as stimuli in future studies.</p>\n                <p><strong>Contact Information:</strong> If you have questions about this project or if you have a research-related problem, you may contact the researcher(s),  Dr. Bria Long, brlong@ucsd.edu. If you have any questions concerning your rights as a research subject, you may contact the UC San Diego Office of IRB Administration at irb@ucsd.edu or 858-246-4777.</p>\n                <p><strong>By clicking \""I Agree\"" below, you indicate that:</strong></p>\n                <ul>\n                    <li>You have read and understood the information above</li>\n                    <li>You voluntarily agree to participate</li>\n                    <li>You are at least 18 years old</li>\n                </ul>\n            </div>""]","","","","","","","","","","","",""
"pretest_instructions","2879","","instructions","2","2.1.0","103845","830781","no_self_explanation","","[{""page_index"":0,""viewing_time"":2879}]","","","","","","","","","","",""
"pretest","373885","{""Q0"":""Some rocks can be eaten"",""Q1"":""Not a little nor a lot of effort"",""Q2"":""Y and 2"",""Q3"":""Not a little nor a lot of effort"",""Q4"":""They would definitely be better off buying the Audi"",""Q5"":""Not a little nor a lot of effort"",""Q6"":""All roses are living things"",""Q7"":""Little effort"",""Q8"":""Karin works at a bank and is active in the environmental movement."",""Q9"":""Little effort"",""Q10"":""Less than 3%"",""Q11"":""Not a little nor a lot of effort"",""Q12"":""15 and beer"",""Q13"":""Little effort"",""Q14"":""The students score at least 0.3 points higher on the exam"",""Q15"":""Little effort"",""attention_check_pretest_question"":""Y and 2"",""attention_check_pretest_effort"":""Quite a lot of effort""}","survey-multi-choice","3","2.1.0","477733","830781","no_self_explanation","","","[0,1,2,3,4,5,6,7,8,9,10,11,12,13,14,15,16,17]","false","true","","","","","","","",""
"practice_instructions","6729","","instructions","4","2.1.0","484463","830781","no_self_explanation","","[{""page_index"":0,""viewing_time"":2196},{""page_index"":1,""viewing_time"":4533}]","","","","","","","","","","",""
"preload_pdf","","","preload","5","2.0.0","484464","830781","no_self_explanation","","","","","","2.pdf","true","false","[]","[]","[]","",""
"enter_fullscreen","2653","","fullscreen","6","2.1.0","488126","830781","no_self_explanation","","","","","","","true","","","","","",""
"pdf_display","131037"," ","html-keyboard-response","7","2.0.0","619167","830781","no_self_explanation","
        <div id=""pdf-display-container"" style=""text-align: center;"">
            <h3>Educational Materials</h3>
            
            <div class=""pdf-controls"">
                <button onclick=""zoomPDF('pdf-display', -25)"">Zoom Out (-)</button>
                <button onclick=""zoomPDF('pdf-display', 25)"">Zoom In (+)</button>
                <button onclick=""resetZoomPDF('pdf-display')"">Reset Zoom</button>
                <span class=""zoom-level"" id=""zoom-pdf-display"">100%</span>
            </div>
            <div class=""pdf-wrapper"" id=""wrapper-pdf-display"">
                <iframe id=""pdf-display"" src=""2.pdf"" class=""pdf-container""></iframe>
            </div>
            <p style=""margin-top: 10px; font-size: 12px; color: #666;"">
                Use zoom controls above or browser zoom (Ctrl/Cmd + Mouse Wheel). Press spacebar when you have finished reading and are ready to continue.
            </p>
        </div>
    
      <p id=""timer-message"" style=""font-size:16px; color:#c00; margin-top:20px;"">
        Please read for <span id=""countdown""></span> seconds before continuing.
      </p>
  ","","","","","2.pdf","","","","","","",""
"exit_fullscreen","null","","fullscreen","8","2.1.0","619172","830781","no_self_explanation","","","","","","","true","","","","","",""
"posttest_instructions","8484","","instructions","9","2.1.0","627656","830781","no_self_explanation","","[{""page_index"":0,""viewing_time"":1921},{""page_index"":1,""viewing_time"":6563}]","","","","","","","","","","",""
"","388353","{""q6_mc"":""Less than 10%""}","survey-multi-choice","10","2.1.0","1016010","830781","no_self_explanation","","","[0]","","","","","","","","","q6","mc"
"","41301","{""q6_text"":"" I think because 50/1000 = .05""}","survey-text","11","2.1.0","1057315","830781","no_self_explanation","","","","","","","","","","","","q6","text"
"","2261","{""q6_effort"":""Quite a lot of effort""}","survey-multi-choice","12","2.1.0","1059577","830781","no_self_explanation","","","[0]","","","","","","","","","q6","effort"
"","15423","{""q1_mc"":""Some chickens can fly""}","survey-multi-choice","13","2.1.0","1075001","830781","no_self_explanation","","","[0]","","","","","","","","","q1","mc"
"","5374","{""q1_text"":""Chickens are birds""}","survey-text","14","2.1.0","1080377","830781","no_self_explanation","","","","","","","","","","","","q1","text"
"","2158","{""q1_effort"":""Very little effort""}","survey-multi-choice","15","2.1.0","1082535","830781","no_self_explanation","","","[0]","","","","","","","","","q1","effort"
"","8824","{""q7_mc"":""Madrid and Transavia""}","survey-multi-choice","16","2.1.0","1091360","830781","no_self_explanation","","","[0]","","","","","","","","","q7","mc"
"","3278","{""q7_text"":""Im not sure""}","survey-text","17","2.1.0","1094639","830781","no_self_explanation","","","","","","","","","","","","q7","text"
"","2023","{""q7_effort"":""Little effort""}","survey-multi-choice","18","2.1.0","1096663","830781","no_self_explanation","","","[0]","","","","","","","","","q7","effort"
"","20224","{""q8_mc"":""Within 5 years, the number of visitors will increase by 5%""}","survey-multi-choice","19","2.1.0","1116887","830781","no_self_explanation","","","[0]","","","","","","","","","q8","mc"
"","5669","{""q8_text"":""not sure""}","survey-text","20","2.1.0","1122558","830781","no_self_explanation","","","","","","","","","","","","q8","text"
"","1338","{""q8_effort"":""Very little effort""}","survey-multi-choice","21","2.1.0","1123896","830781","no_self_explanation","","","[0]","","","","","","","","","q8","effort"
"","9036","{""q3_mc"":""Some music events are big events.""}","survey-multi-choice","22","2.1.0","1132933","830781","no_self_explanation","","","[0]","","","","","","","","","q3","mc"
"","7880","{""q3_text"":""Some music events are big enough for a permit""}","survey-text","23","2.1.0","1140813","830781","no_self_explanation","","","","","","","","","","","","q3","text"
"","1504","{""q3_effort"":""Very little effort""}","survey-multi-choice","24","2.1.0","1142318","830781","no_self_explanation","","","[0]","","","","","","","","","q3","effort"
"","38268","{""q4_mc"":""Hearts and 9""}","survey-multi-choice","25","2.1.0","1180586","830781","no_self_explanation","","","[0]","","","","","","","","","q4","mc"
"","15740","{""q4_text"":""The hearts and 9 would be wrong""}","survey-text","26","2.1.0","1196327","830781","no_self_explanation","","","","","","","","","","","","q4","text"
"","1776","{""q4_effort"":""Very little effort""}","survey-multi-choice","27","2.1.0","1198104","830781","no_self_explanation","","","[0]","","","","","","","","","q4","effort"
"","30602","{""q5_mc"":""Jacques is a concierge and organizes the annual Poetry Night""}","survey-multi-choice","28","2.1.0","1228707","830781","no_self_explanation","","","[0]","","","","","","","","","q5","mc"
"","3477","{""q5_text"":""Im not sure""}","survey-text","29","2.1.0","1232185","830781","no_self_explanation","","","","","","","","","","","","q5","text"
"","1520","{""q5_effort"":""Very little effort""}","survey-multi-choice","30","2.1.0","1233705","830781","no_self_explanation","","","[0]","","","","","","","","","q5","effort"
"","148146","{""q2_mc"":""Perhaps give preference to graduates of Tilburg University.""}","survey-multi-choice","31","2.1.0","1381852","830781","no_self_explanation","","","[0]","","","","","","","","","q2","mc"
"","27248","{""q2_text"":""This university is more long-term successful ""}","survey-text","32","2.1.0","1409100","830781","no_self_explanation","","","","","","","","","","","","q2","text"
"","3090","{""q2_effort"":""Very little effort""}","survey-multi-choice","33","2.1.0","1412191","830781","no_self_explanation","","","[0]","","","","","","","","","q2","effort"
