"task","rt","response","trial_type","trial_index","plugin_version","time_elapsed","participant_id","condition","stimulus","view_history","question_order","attention_question_passed","attention_effort_passed","pdf_file","success","timeout","failed_images","failed_audio","failed_video","item","phase"
"sona_id_collection","52010","{""sona_id"":""11/23/2025 ; 8:00PM""}","survey-text","0","2.1.0","52016","546101","no_self_explanation","","","","","","","","","","","","",""
"consent","65511","0","html-button-response","1","2.1.0","117534","546101","no_self_explanation","[""<div class=\""consent-box\"">\n                <h2>Informed Consent Form</h2>\n                <p><strong>Title of Research Study:</strong> Critical Thinking Skills Learning Study</p>\n                <p><strong>Purpose:</strong>You are being invited to participate in a research study titled “Reproducibility of Psychological Science and Instruction.” This study is being done by Dr. Bria Long from UC San Diego and associated graduate students in Experimental Methods course. You were selected to participate in this study because you are an adult in the U.S. and have been a represented population in previous psychology studies.</p>\n                <p><strong>Risks and Benefits:</strong> The purpose of this study is to better understand how well previously published studies in the psychological field replicate online and with different populations. Your participation in this research should last approximately 5-30 minutes  If you agree to take part in this study, you may be asked to view a set of stimuli, including pictures, sounds, written text, or videos and then giving some responses via key-presses, verbally, or with paper-and-pencil. We may also observe your choices or preferences among an array of stimuli.  These stimuli will be taken directly from or closely adapted from studies that already exist in the published psychological literature. Stimuli will include, e.g., pictures of objects and human faces, audio and video clips, short text passages, etc. None of the stimuli will be disturbing, threatening, or offensive. The online and in-person experiments described in this protocol will take no more than 30 minutes. An example game you might play would be to click on an image on the screen that matches a word you hear being said out loud. Your total expected time commitment for this study is between 5-30 minutes, and is specified in the study description.</p>\n                <p><strong>Confidentiality:</strong> Your responses will be kept confidential and anonymous. Data will be stored securely and used only for research purposes.</p>\n                <p><strong>Voluntary Participation:</strong> We will not be asking for any personally identifying information, and we will handle responses as confidentially as possible. Your SONA IDs will never be tied to your responses on this survey. However, we cannot guarantee the confidentiality of information transmitted over the Internet. To minimize this risk, data containing anything that might be personally identifiable (e.g. SONA IDs or IP addresses) will be encrypted on transfer and storage and will only be accessible to qualified lab personnel. We will be keeping data collected as part of this experiment indefinitely. This anonymized data (containing neither Prolific IDs nor IP addresses) may be shared with the scientific community or with other participants to be used as stimuli in future studies.</p>\n                <p><strong>Contact Information:</strong> If you have questions about this project or if you have a research-related problem, you may contact the researcher(s),  Dr. Bria Long, brlong@ucsd.edu. If you have any questions concerning your rights as a research subject, you may contact the UC San Diego Office of IRB Administration at irb@ucsd.edu or 858-246-4777.</p>\n                <p><strong>By clicking \""I Agree\"" below, you indicate that:</strong></p>\n                <ul>\n                    <li>You have read and understood the information above</li>\n                    <li>You voluntarily agree to participate</li>\n                    <li>You are at least 18 years old</li>\n                </ul>\n            </div>""]","","","","","","","","","","","",""
"pretest_instructions","142469","","instructions","2","2.1.0","260009","546101","no_self_explanation","","[{""page_index"":0,""viewing_time"":142469}]","","","","","","","","","","",""
"pretest","500168","{""Q0"":""Some rocks can be eaten"",""Q1"":""Little effort"",""Q2"":""Y and 2"",""Q3"":""Little effort"",""Q4"":""Maybe they would be better off buying the BMW"",""Q5"":""Not a little nor a lot of effort"",""Q6"":""All roses are living things"",""Q7"":""Very little effort"",""Q8"":""Karin works at a bank and is active in the environmental movement."",""Q9"":""Not a little nor a lot of effort"",""Q10"":""Less than 3%"",""Q11"":""Not a little nor a lot of effort"",""Q12"":""18 and beer"",""Q13"":""Very little effort"",""Q14"":""The students score at least 1.0 points higher on the exam"",""Q15"":""Not a little nor a lot of effort"",""attention_check_pretest_question"":""X and 2"",""attention_check_pretest_effort"":""Quite a lot of effort""}","survey-multi-choice","3","2.1.0","760196","546101","no_self_explanation","","","[0,1,2,3,4,5,6,7,8,9,10,11,12,13,14,15,16,17]","true","true","","","","","","","",""
"practice_instructions","11340","","instructions","4","2.1.0","771538","546101","no_self_explanation","","[{""page_index"":0,""viewing_time"":1793},{""page_index"":1,""viewing_time"":9547}]","","","","","","","","","","",""
"preload_pdf","","","preload","5","2.0.0","771541","546101","no_self_explanation","","","","","","2.pdf","true","false","[]","[]","[]","",""
"enter_fullscreen","6715","","fullscreen","6","2.1.0","779258","546101","no_self_explanation","","","","","","","true","","","","","",""
"pdf_display","151683"," ","html-keyboard-response","7","2.0.0","930958","546101","no_self_explanation","
        <div id=""pdf-display-container"" style=""text-align: center;"">
            <h3>Educational Materials</h3>
            
            <div class=""pdf-controls"">
                <button onclick=""zoomPDF('pdf-display', -25)"">Zoom Out (-)</button>
                <button onclick=""zoomPDF('pdf-display', 25)"">Zoom In (+)</button>
                <button onclick=""resetZoomPDF('pdf-display')"">Reset Zoom</button>
                <span class=""zoom-level"" id=""zoom-pdf-display"">100%</span>
            </div>
            <div class=""pdf-wrapper"" id=""wrapper-pdf-display"">
                <iframe id=""pdf-display"" src=""2.pdf"" class=""pdf-container""></iframe>
            </div>
            <p style=""margin-top: 10px; font-size: 12px; color: #666;"">
                Use zoom controls above or browser zoom (Ctrl/Cmd + Mouse Wheel). Press spacebar when you have finished reading and are ready to continue.
            </p>
        </div>
    
      <p id=""timer-message"" style=""font-size:16px; color:#c00; margin-top:20px;"">
        Please read for <span id=""countdown""></span> seconds before continuing.
      </p>
  ","","","","","2.pdf","","","","","","",""
"exit_fullscreen","null","","fullscreen","8","2.1.0","930960","546101","no_self_explanation","","","","","","","true","","","","","",""
"posttest_instructions","14554","","instructions","9","2.1.0","945515","546101","no_self_explanation","","[{""page_index"":0,""viewing_time"":4605},{""page_index"":1,""viewing_time"":9949}]","","","","","","","","","","",""
"","55669","{""q4_mc"":""Hearts and 2""}","survey-multi-choice","10","2.1.0","1001187","546101","no_self_explanation","","","[0]","","","","","","","","","q4","mc"
"","58001","{""q4_text"":""Since the rule says there is a heart on one side and a 2 on the other side those are the cards that I would test. A card with a heart should be tested for a 2 on the other side. A card with 2 should be tested for a heart on the other side.""}","survey-text","11","2.1.0","1059192","546101","no_self_explanation","","","","","","","","","","","","q4","text"
"","3233","{""q4_effort"":""Very little effort""}","survey-multi-choice","12","2.1.0","1062426","546101","no_self_explanation","","","[0]","","","","","","","","","q4","effort"
"","53749","{""q5_mc"":""Jacques is a caretaker and is a member of the Tai Chi Association Netherlands""}","survey-multi-choice","13","2.1.0","1116179","546101","no_self_explanation","","","[0]","","","","","","","","","q5","mc"
"","54733","{""q5_text"":""Since Jacques expresses a liking for tai chi it seems most likely that would be in the response. So he is most likely to be a janitor AND part of a tai chi organization. ""}","survey-text","14","2.1.0","1170915","546101","no_self_explanation","","","","","","","","","","","","q5","text"
"","4000","{""q5_effort"":""Not a little nor a lot of effort""}","survey-multi-choice","15","2.1.0","1174916","546101","no_self_explanation","","","[0]","","","","","","","","","q5","effort"
"","76834","{""q7_mc"":""Madrid and Ryanair""}","survey-multi-choice","16","2.1.0","1251753","546101","no_self_explanation","","","[0]","","","","","","","","","q7","mc"
"","67031","{""q7_text"":""Since Madrid and Ryanair must be on the same card they are the subjects that need to be tested. Madrid would be tested to see in Ryanair is on the back and Ryanair would be tested to see if Madrid is on the back. If the corresponding subject is not on the opposite side, then the rule is being violated.""}","survey-text","17","2.1.0","1318788","546101","no_self_explanation","","","","","","","","","","","","q7","text"
"","2452","{""q7_effort"":""Little effort""}","survey-multi-choice","18","2.1.0","1321241","546101","no_self_explanation","","","[0]","","","","","","","","","q7","effort"
"","54014","{""q6_mc"":""Less than 10%""}","survey-multi-choice","19","2.1.0","1375260","546101","no_self_explanation","","","[0]","","","","","","","","","q6","mc"
"","47581","{""q6_text"":""The woman seems to be well off and live a luxurious lifestyle. She would be more likely to be part of the 50 people who shop at high end stores, making her part of approximately 5%.""}","survey-text","20","2.1.0","1422845","546101","no_self_explanation","","","","","","","","","","","","q6","text"
"","2832","{""q6_effort"":""Not a little nor a lot of effort""}","survey-multi-choice","21","2.1.0","1425678","546101","no_self_explanation","","","[0]","","","","","","","","","q6","effort"
"","44966","{""q8_mc"":""Within 5 years, the number of visitors will increase by 2%""}","survey-multi-choice","22","2.1.0","1470648","546101","no_self_explanation","","","[0]","","","","","","","","","q8","mc"
"","45983","{""q8_text"":""I feel that we have to underestimate when experimenting with a goal. Since the goal was 5% increase and they are trying different things to engage night shoppers the increase is most likely 2%.""}","survey-text","23","2.1.0","1516634","546101","no_self_explanation","","","","","","","","","","","","q8","text"
"","4617","{""q8_effort"":""Quite a lot of effort""}","survey-multi-choice","24","2.1.0","1521252","546101","no_self_explanation","","","[0]","","","","","","","","","q8","effort"
"","107917","{""q2_mc"":""Perhaps give preference to graduates of Avans University of Applied Sciences.""}","survey-multi-choice","25","2.1.0","1629175","546101","no_self_explanation","","","[0]","","","","","","","","","q2","mc"
"","61815","{""q2_text"":""The company shows some bias towards hiring people from the same school, but the HR representative has experience with 1 graduate from another university. I think some priority should be given to that college for the sake of equal opportunity.""}","survey-text","26","2.1.0","1690787","546101","no_self_explanation","","","","","","","","","","","","q2","text"
"","3241","{""q2_effort"":""Not a little nor a lot of effort""}","survey-multi-choice","27","2.1.0","1694030","546101","no_self_explanation","","","[0]","","","","","","","","","q2","effort"
"","244614","{""q3_mc"":""Some music events aren't big events.""}","survey-multi-choice","28","2.1.0","1938654","546101","no_self_explanation","","","[0]","","","","","","","","","q3","mc"
"","34395","{""q3_text"":""Since all big events require a permit and some music events need a permit it shows that some music events aren't major events. ""}","survey-text","29","2.1.0","1973053","546101","no_self_explanation","","","","","","","","","","","","q3","text"
"","6617","{""q3_effort"":""Not a little nor a lot of effort""}","survey-multi-choice","30","2.1.0","1979670","546101","no_self_explanation","","","[0]","","","","","","","","","q3","effort"
"","22867","{""q1_mc"":""No correct conclusion possible.""}","survey-multi-choice","31","2.1.0","2002540","546101","no_self_explanation","","","[0]","","","","","","","","","q1","mc"
"","47686","{""q1_text"":""The first statement says all birds can fly, followed by some chickens cannot fly. These two statements do not have any connection to each other so no conclusion can be drawn.""}","survey-text","32","2.1.0","2050230","546101","no_self_explanation","","","","","","","","","","","","q1","text"
"","2412","{""q1_effort"":""Not a little nor a lot of effort""}","survey-multi-choice","33","2.1.0","2052643","546101","no_self_explanation","","","[0]","","","","","","","","","q1","effort"
