"task","rt","response","trial_type","trial_index","plugin_version","time_elapsed","participant_id","condition","stimulus","view_history","question_order","attention_question_passed","attention_effort_passed","pdf_file","success","timeout","failed_images","failed_audio","failed_video","item","phase"
"sona_id_collection","5154","{""sona_id"":""November 23, 2025 5:00 PM""}","survey-text","0","2.1.0","5172","360249","no_self_explanation","","","","","","","","","","","","",""
"consent","1381","0","html-button-response","1","2.1.0","6557","360249","no_self_explanation","[""<div class=\""consent-box\"">\n                <h2>Informed Consent Form</h2>\n                <p><strong>Title of Research Study:</strong> Critical Thinking Skills Learning Study</p>\n                <p><strong>Purpose:</strong>You are being invited to participate in a research study titled “Reproducibility of Psychological Science and Instruction.” This study is being done by Dr. Bria Long from UC San Diego and associated graduate students in Experimental Methods course. You were selected to participate in this study because you are an adult in the U.S. and have been a represented population in previous psychology studies.</p>\n                <p><strong>Risks and Benefits:</strong> The purpose of this study is to better understand how well previously published studies in the psychological field replicate online and with different populations. Your participation in this research should last approximately 5-30 minutes  If you agree to take part in this study, you may be asked to view a set of stimuli, including pictures, sounds, written text, or videos and then giving some responses via key-presses, verbally, or with paper-and-pencil. We may also observe your choices or preferences among an array of stimuli.  These stimuli will be taken directly from or closely adapted from studies that already exist in the published psychological literature. Stimuli will include, e.g., pictures of objects and human faces, audio and video clips, short text passages, etc. None of the stimuli will be disturbing, threatening, or offensive. The online and in-person experiments described in this protocol will take no more than 30 minutes. An example game you might play would be to click on an image on the screen that matches a word you hear being said out loud. Your total expected time commitment for this study is between 5-30 minutes, and is specified in the study description.</p>\n                <p><strong>Confidentiality:</strong> Your responses will be kept confidential and anonymous. Data will be stored securely and used only for research purposes.</p>\n                <p><strong>Voluntary Participation:</strong> We will not be asking for any personally identifying information, and we will handle responses as confidentially as possible. Your SONA IDs will never be tied to your responses on this survey. However, we cannot guarantee the confidentiality of information transmitted over the Internet. To minimize this risk, data containing anything that might be personally identifiable (e.g. SONA IDs or IP addresses) will be encrypted on transfer and storage and will only be accessible to qualified lab personnel. We will be keeping data collected as part of this experiment indefinitely. This anonymized data (containing neither Prolific IDs nor IP addresses) may be shared with the scientific community or with other participants to be used as stimuli in future studies.</p>\n                <p><strong>Contact Information:</strong> If you have questions about this project or if you have a research-related problem, you may contact the researcher(s),  Dr. Bria Long, brlong@ucsd.edu. If you have any questions concerning your rights as a research subject, you may contact the UC San Diego Office of IRB Administration at irb@ucsd.edu or 858-246-4777.</p>\n                <p><strong>By clicking \""I Agree\"" below, you indicate that:</strong></p>\n                <ul>\n                    <li>You have read and understood the information above</li>\n                    <li>You voluntarily agree to participate</li>\n                    <li>You are at least 18 years old</li>\n                </ul>\n            </div>""]","","","","","","","","","","","",""
"pretest_instructions","1432","","instructions","2","2.1.0","7990","360249","no_self_explanation","","[{""page_index"":0,""viewing_time"":1432}]","","","","","","","","","","",""
"pretest","53326","{""Q0"":""No correct conclusion possible"",""Q1"":""Little effort"",""Q2"":""X and 2"",""Q3"":""Little effort"",""Q4"":""Maybe they would be better off buying the BMW"",""Q5"":""Little effort"",""Q6"":""All roses are living things"",""Q7"":""Little effort"",""Q8"":""Karin works at a bank and is active in the environmental movement."",""Q9"":""Little effort"",""Q10"":""Less than 3%"",""Q11"":""Little effort"",""Q12"":""18 and cola"",""Q13"":""Little effort"",""Q14"":""The students score at least 0.3 points higher on the exam"",""Q15"":""Little effort"",""attention_check_pretest_question"":""X and 2"",""attention_check_pretest_effort"":""Quite a lot of effort""}","survey-multi-choice","3","2.1.0","61319","360249","no_self_explanation","","","[0,1,2,3,4,5,6,7,8,9,10,11,12,13,14,15,16,17]","true","true","","","","","","","",""
"practice_instructions","3105","","instructions","4","2.1.0","64426","360249","no_self_explanation","","[{""page_index"":0,""viewing_time"":1834},{""page_index"":1,""viewing_time"":1271}]","","","","","","","","","","",""
"preload_pdf","","","preload","5","2.0.0","64428","360249","no_self_explanation","","","","","","2.pdf","true","false","[]","[]","[]","",""
"enter_fullscreen","1596","","fullscreen","6","2.1.0","67029","360249","no_self_explanation","","","","","","","true","","","","","",""
"pdf_display","94539"," ","html-keyboard-response","7","2.0.0","161570","360249","no_self_explanation","
        <div id=""pdf-display-container"" style=""text-align: center;"">
            <h3>Educational Materials</h3>
            
            <div class=""pdf-controls"">
                <button onclick=""zoomPDF('pdf-display', -25)"">Zoom Out (-)</button>
                <button onclick=""zoomPDF('pdf-display', 25)"">Zoom In (+)</button>
                <button onclick=""resetZoomPDF('pdf-display')"">Reset Zoom</button>
                <span class=""zoom-level"" id=""zoom-pdf-display"">100%</span>
            </div>
            <div class=""pdf-wrapper"" id=""wrapper-pdf-display"">
                <iframe id=""pdf-display"" src=""2.pdf"" class=""pdf-container""></iframe>
            </div>
            <p style=""margin-top: 10px; font-size: 12px; color: #666;"">
                Use zoom controls above or browser zoom (Ctrl/Cmd + Mouse Wheel). Press spacebar when you have finished reading and are ready to continue.
            </p>
        </div>
    
      <p id=""timer-message"" style=""font-size:16px; color:#c00; margin-top:20px;"">
        Please read for <span id=""countdown""></span> seconds before continuing.
      </p>
  ","","","","","2.pdf","","","","","","",""
"exit_fullscreen","null","","fullscreen","8","2.1.0","161571","360249","no_self_explanation","","","","","","","true","","","","","",""
"posttest_instructions","7139","","instructions","9","2.1.0","168709","360249","no_self_explanation","","[{""page_index"":0,""viewing_time"":4604},{""page_index"":1,""viewing_time"":2534}]","","","","","","","","","","",""
"","13186","{""q6_mc"":""Less than 10%""}","survey-multi-choice","10","2.1.0","181897","360249","no_self_explanation","","","[0]","","","","","","","","","q6","mc"
"","21114","{""q6_text"":""Since only 50 people are in the high end, there would be a low percentage.""}","survey-text","11","2.1.0","203013","360249","no_self_explanation","","","","","","","","","","","","q6","text"
"","2077","{""q6_effort"":""Little effort""}","survey-multi-choice","12","2.1.0","205090","360249","no_self_explanation","","","[0]","","","","","","","","","q6","effort"
"","5305","{""q1_mc"":""Some chickens can fly""}","survey-multi-choice","13","2.1.0","210397","360249","no_self_explanation","","","[0]","","","","","","","","","q1","mc"
"","23827","{""q1_text"":""Since all birds can fly and some chickens cannot, this means that some chickens can fly.\n""}","survey-text","14","2.1.0","234225","360249","no_self_explanation","","","","","","","","","","","","q1","text"
"","2082","{""q1_effort"":""Little effort""}","survey-multi-choice","15","2.1.0","236308","360249","no_self_explanation","","","[0]","","","","","","","","","q1","effort"
"","2754","{""q4_mc"":""Spades and 2""}","survey-multi-choice","16","2.1.0","239064","360249","no_self_explanation","","","[0]","","","","","","","","","q4","mc"
"","22527","{""q4_text"":""Since the rule is hearts and 2, then if you turn spades and 2, this will break the rule.""}","survey-text","17","2.1.0","261593","360249","no_self_explanation","","","","","","","","","","","","q4","text"
"","1898","{""q4_effort"":""Little effort""}","survey-multi-choice","18","2.1.0","263491","360249","no_self_explanation","","","[0]","","","","","","","","","q4","effort"
"","4969","{""q2_mc"":""Perhaps give preference to graduates of Tilburg University.""}","survey-multi-choice","19","2.1.0","268462","360249","no_self_explanation","","","[0]","","","","","","","","","q2","mc"
"","30449","{""q2_text"":""They should give priority to the Tilburg University graduates since they were the first option.""}","survey-text","20","2.1.0","298913","360249","no_self_explanation","","","","","","","","","","","","q2","text"
"","1984","{""q2_effort"":""Little effort""}","survey-multi-choice","21","2.1.0","300897","360249","no_self_explanation","","","[0]","","","","","","","","","q2","effort"
"","5467","{""q3_mc"":""Some music events are big events.""}","survey-multi-choice","22","2.1.0","306365","360249","no_self_explanation","","","[0]","","","","","","","","","q3","mc"
"","23481","{""q3_text"":""Since all major events need a permit, and some music events need a permit, then some music events are major events.""}","survey-text","23","2.1.0","329848","360249","no_self_explanation","","","","","","","","","","","","q3","text"
"","2293","{""q3_effort"":""Little effort""}","survey-multi-choice","24","2.1.0","332142","360249","no_self_explanation","","","[0]","","","","","","","","","q3","effort"
"","14206","{""q5_mc"":""Jacques is a caretaker and is a member of the Tai Chi Association Netherlands""}","survey-multi-choice","25","2.1.0","346349","360249","no_self_explanation","","","[0]","","","","","","","","","q5","mc"
"","20914","{""q5_text"":""Since he does tai chi every morning he should be part of a club.""}","survey-text","26","2.1.0","367264","360249","no_self_explanation","","","","","","","","","","","","q5","text"
"","1981","{""q5_effort"":""Little effort""}","survey-multi-choice","27","2.1.0","369247","360249","no_self_explanation","","","[0]","","","","","","","","","q5","effort"
"","7084","{""q7_mc"":""Madrid and Ryanair""}","survey-multi-choice","28","2.1.0","376332","360249","no_self_explanation","","","[0]","","","","","","","","","q7","mc"
"","29580","{""q7_text"":""If you check the flight to Madrid and Ryanair is not the pilot, then that will break the rule.""}","survey-text","29","2.1.0","405915","360249","no_self_explanation","","","","","","","","","","","","q7","text"
"","1911","{""q7_effort"":""Little effort""}","survey-multi-choice","30","2.1.0","407828","360249","no_self_explanation","","","[0]","","","","","","","","","q7","effort"
"","2469","{""q8_mc"":""Within 5 years, the number of visitors will increase by 5%""}","survey-multi-choice","31","2.1.0","410298","360249","no_self_explanation","","","[0]","","","","","","","","","q8","mc"
"","28534","{""q8_text"":""Since they are looking for an increase of 5% in the next 5 years they will have at least an increase of 5%.""}","survey-text","32","2.1.0","438834","360249","no_self_explanation","","","","","","","","","","","","q8","text"
"","2216","{""q8_effort"":""Little effort""}","survey-multi-choice","33","2.1.0","441051","360249","no_self_explanation","","","[0]","","","","","","","","","q8","effort"
