"task","rt","response","trial_type","trial_index","plugin_version","time_elapsed","participant_id","condition","stimulus","view_history","question_order","attention_question_passed","attention_effort_passed","pdf_file","success","timeout","failed_images","failed_audio","failed_video","item","phase"
"sona_id_collection","49166","{""sona_id"":""11/23/2025 ; 9:00 pm""}","survey-text","0","2.1.0","49171","483730","self_explanation","","","","","","","","","","","","",""
"consent","1375","0","html-button-response","1","2.1.0","50550","483730","self_explanation","[""<div class=\""consent-box\"">\n                <h2>Informed Consent Form</h2>\n                <p><strong>Title of Research Study:</strong> Critical Thinking Skills Learning Study</p>\n                <p><strong>Purpose:</strong>You are being invited to participate in a research study titled “Reproducibility of Psychological Science and Instruction.” This study is being done by Dr. Bria Long from UC San Diego and associated graduate students in Experimental Methods course. You were selected to participate in this study because you are an adult in the U.S. and have been a represented population in previous psychology studies.</p>\n                <p><strong>Risks and Benefits:</strong> The purpose of this study is to better understand how well previously published studies in the psychological field replicate online and with different populations. Your participation in this research should last approximately 5-30 minutes  If you agree to take part in this study, you may be asked to view a set of stimuli, including pictures, sounds, written text, or videos and then giving some responses via key-presses, verbally, or with paper-and-pencil. We may also observe your choices or preferences among an array of stimuli.  These stimuli will be taken directly from or closely adapted from studies that already exist in the published psychological literature. Stimuli will include, e.g., pictures of objects and human faces, audio and video clips, short text passages, etc. None of the stimuli will be disturbing, threatening, or offensive. The online and in-person experiments described in this protocol will take no more than 30 minutes. An example game you might play would be to click on an image on the screen that matches a word you hear being said out loud. Your total expected time commitment for this study is between 5-30 minutes, and is specified in the study description.</p>\n                <p><strong>Confidentiality:</strong> Your responses will be kept confidential and anonymous. Data will be stored securely and used only for research purposes.</p>\n                <p><strong>Voluntary Participation:</strong> We will not be asking for any personally identifying information, and we will handle responses as confidentially as possible. Your SONA IDs will never be tied to your responses on this survey. However, we cannot guarantee the confidentiality of information transmitted over the Internet. To minimize this risk, data containing anything that might be personally identifiable (e.g. SONA IDs or IP addresses) will be encrypted on transfer and storage and will only be accessible to qualified lab personnel. We will be keeping data collected as part of this experiment indefinitely. This anonymized data (containing neither Prolific IDs nor IP addresses) may be shared with the scientific community or with other participants to be used as stimuli in future studies.</p>\n                <p><strong>Contact Information:</strong> If you have questions about this project or if you have a research-related problem, you may contact the researcher(s),  Dr. Bria Long, brlong@ucsd.edu. If you have any questions concerning your rights as a research subject, you may contact the UC San Diego Office of IRB Administration at irb@ucsd.edu or 858-246-4777.</p>\n                <p><strong>By clicking \""I Agree\"" below, you indicate that:</strong></p>\n                <ul>\n                    <li>You have read and understood the information above</li>\n                    <li>You voluntarily agree to participate</li>\n                    <li>You are at least 18 years old</li>\n                </ul>\n            </div>""]","","","","","","","","","","","",""
"pretest_instructions","63081","","instructions","2","2.1.0","113634","483730","self_explanation","","[{""page_index"":0,""viewing_time"":63081}]","","","","","","","","","","",""
"pretest","472017","{""Q0"":""Some rocks can be eaten"",""Q1"":""Very little effort"",""Q2"":""Y and 2"",""Q3"":""Little effort"",""Q4"":""They would definitely be better off buying the Audi"",""Q5"":""Very little effort"",""Q6"":""All roses are living things"",""Q7"":""Very little effort"",""Q8"":""Karin works at a bank"",""Q9"":""Little effort"",""Q10"":""Less than 3%"",""Q11"":""Little effort"",""Q12"":""15 and beer"",""Q13"":""Very little effort"",""Q14"":""The students score at least 1.0 points higher on the exam"",""Q15"":""Not a little nor a lot of effort"",""attention_check_pretest_question"":""X and 2"",""attention_check_pretest_effort"":""Quite a lot of effort""}","survey-multi-choice","3","2.1.0","585657","483730","self_explanation","","","[0,1,2,3,4,5,6,7,8,9,10,11,12,13,14,15,16,17]","true","true","","","","","","","",""
"practice_instructions","6657","","instructions","4","2.1.0","592316","483730","self_explanation","","[{""page_index"":0,""viewing_time"":1573},{""page_index"":1,""viewing_time"":5084}]","","","","","","","","","","",""
"preload_pdf","","","preload","5","2.0.0","592318","483730","self_explanation","","","","","","1.pdf","true","false","[]","[]","[]","",""
"enter_fullscreen","4134","","fullscreen","6","2.1.0","597454","483730","self_explanation","","","","","","","true","","","","","",""
"pdf_display","390365"," ","html-keyboard-response","7","2.0.0","987832","483730","self_explanation","
        <div id=""pdf-display-container"" style=""text-align: center;"">
            <h3>Educational Materials</h3>
            <p style=""color: #2196F3; font-weight: bold;"">Remember: As you read, please provide self-explanations about what you are learning.</p>
            <div class=""pdf-controls"">
                <button onclick=""zoomPDF('pdf-display', -25)"">Zoom Out (-)</button>
                <button onclick=""zoomPDF('pdf-display', 25)"">Zoom In (+)</button>
                <button onclick=""resetZoomPDF('pdf-display')"">Reset Zoom</button>
                <span class=""zoom-level"" id=""zoom-pdf-display"">100%</span>
            </div>
            <div class=""pdf-wrapper"" id=""wrapper-pdf-display"">
                <iframe id=""pdf-display"" src=""1.pdf"" class=""pdf-container""></iframe>
            </div>
            <p style=""margin-top: 10px; font-size: 12px; color: #666;"">
                Use zoom controls above or browser zoom (Ctrl/Cmd + Mouse Wheel). Press spacebar when you have finished reading and are ready to continue.
            </p>
        </div>
    
      <p id=""timer-message"" style=""font-size:16px; color:#c00; margin-top:20px;"">
        Please read for <span id=""countdown""></span> seconds before continuing.
      </p>
  ","","","","","1.pdf","","","","","","",""
"exit_fullscreen","null","","fullscreen","8","2.1.0","987834","483730","self_explanation","","","","","","","true","","","","","",""
"practice_instructions_questions","9463","","instructions","9","2.1.0","997298","483730","self_explanation","","[{""page_index"":0,""viewing_time"":2146},{""page_index"":1,""viewing_time"":7316}]","","","","","","","","","","",""
"practice","98983","{""practice_q1_text"":""D\n\nthe statements are unrelated so no conclusion can be made""}","survey-text","10","2.1.0","1096285","483730","self_explanation","","","","","","","","","","","","practice_q1","text"
"practice","189295","{""practice_q2_text"":""A\n\nBased on the people in the sample, more than 85% are dance enthusiasts ""}","survey-text","11","2.1.0","1285581","483730","self_explanation","","","","","","","","","","","","practice_q2","text"
"practice","177248","{""practice_q3_text"":""B\n\nAlthough the colleague says the extra requirements aren't important, it would still probably be best for the civil servant to do the right thing""}","survey-text","12","2.1.0","1462831","483730","self_explanation","","","","","","","","","","","","practice_q3","text"
"posttest_instructions","5565","","instructions","13","2.1.0","1468397","483730","self_explanation","","[{""page_index"":0,""viewing_time"":3329},{""page_index"":1,""viewing_time"":2236}]","","","","","","","","","","",""
"","31381","{""q8_mc"":""Within 5 years, the number of visitors will increase by 5%""}","survey-multi-choice","14","2.1.0","1499781","483730","self_explanation","","","[0]","","","","","","","","","q8","mc"
"","6465","{""q8_text"":""they'll meet their goal""}","survey-text","15","2.1.0","1506248","483730","self_explanation","","","","","","","","","","","","q8","text"
"","2131","{""q8_effort"":""Very little effort""}","survey-multi-choice","16","2.1.0","1508379","483730","self_explanation","","","[0]","","","","","","","","","q8","effort"
"","75081","{""q2_mc"":""Perhaps give preference to graduates of Tilburg University.""}","survey-multi-choice","17","2.1.0","1583462","483730","self_explanation","","","[0]","","","","","","","","","q2","mc"
"","34081","{""q2_text"":""the avan school deserves a look, but it'd probably be best to stick with the established relationship with the other school""}","survey-text","18","2.1.0","1617545","483730","self_explanation","","","","","","","","","","","","q2","text"
"","3050","{""q2_effort"":""Little effort""}","survey-multi-choice","19","2.1.0","1620597","483730","self_explanation","","","[0]","","","","","","","","","q2","effort"
"","78813","{""q5_mc"":""Jacques is a concierge and organizes the annual Poetry Night""}","survey-multi-choice","20","2.1.0","1699413","483730","self_explanation","","","[0]","","","","","","","","","q5","mc"
"","48114","{""q5_text"":""it didn't say he was dutch or in the Netherlands so the answer with jus the poetry made the most sense""}","survey-text","21","2.1.0","1747529","483730","self_explanation","","","","","","","","","","","","q5","text"
"","2616","{""q5_effort"":""Not a little nor a lot of effort""}","survey-multi-choice","22","2.1.0","1750146","483730","self_explanation","","","[0]","","","","","","","","","q5","effort"
"","49964","{""q6_mc"":""More than 75%""}","survey-multi-choice","23","2.1.0","1800113","483730","self_explanation","","","[0]","","","","","","","","","q6","mc"
"","47864","{""q6_text"":""the stats say it should be less than 10%, but based on her information id say no chance she shops at the regular store""}","survey-text","24","2.1.0","1847979","483730","self_explanation","","","","","","","","","","","","q6","text"
"","3314","{""q6_effort"":""Little effort""}","survey-multi-choice","25","2.1.0","1851294","483730","self_explanation","","","[0]","","","","","","","","","q6","effort"
"","59018","{""q3_mc"":""Some music events aren't big events.""}","survey-multi-choice","26","2.1.0","1910314","483730","self_explanation","","","[0]","","","","","","","","","q3","mc"
"","51197","{""q3_text"":""not all music events require permits, so some must not be big events""}","survey-text","27","2.1.0","1961513","483730","self_explanation","","","","","","","","","","","","q3","text"
"","1798","{""q3_effort"":""Little effort""}","survey-multi-choice","28","2.1.0","1963311","483730","self_explanation","","","[0]","","","","","","","","","q3","effort"
"","34662","{""q1_mc"":""Some chickens can fly""}","survey-multi-choice","29","2.1.0","1997976","483730","self_explanation","","","[0]","","","","","","","","","q1","mc"
"","11887","{""q1_text"":""some can fly I don't know ""}","survey-text","30","2.1.0","2009864","483730","self_explanation","","","","","","","","","","","","q1","text"
"","4063","{""q1_effort"":""Not a little nor a lot of effort""}","survey-multi-choice","31","2.1.0","2013929","483730","self_explanation","","","[0]","","","","","","","","","q1","effort"
"","42662","{""q4_mc"":""Hearts and 2""}","survey-multi-choice","32","2.1.0","2056593","483730","self_explanation","","","[0]","","","","","","","","","q4","mc"
"","27918","{""q4_text"":""those are the numbers/suits in the rules so it'd only make sense to turn them over""}","survey-text","33","2.1.0","2084512","483730","self_explanation","","","","","","","","","","","","q4","text"
"","3247","{""q4_effort"":""Little effort""}","survey-multi-choice","34","2.1.0","2087761","483730","self_explanation","","","[0]","","","","","","","","","q4","effort"
"","16413","{""q7_mc"":""Madrid and Ryanair""}","survey-multi-choice","35","2.1.0","2104176","483730","self_explanation","","","[0]","","","","","","","","","q7","mc"
"","9651","{""q7_text"":""same logic as last question""}","survey-text","36","2.1.0","2113828","483730","self_explanation","","","","","","","","","","","","q7","text"
"","9067","{""q7_effort"":""Very little effort""}","survey-multi-choice","37","2.1.0","2122895","483730","self_explanation","","","[0]","","","","","","","","","q7","effort"
